"problemName","problemType","numCustomers","UAVspeed","UAVendurance","numTrucks","numUAVs","solverType","heuristicSwitch","timeLimit","initialHeuristicSoln","isOptimal","objVal","numTruckCust","numUAVcust","runTime"
"20140813T111613","small",10,NA,30,1,2,"DFJ",NA,1800,NA,1,230.195,9,1,0.006
"20140813T111613","small",10,NA,30,1,2,"BNP",0,1800,242.532,1,230.195,9,1,0.321
"20140813T111613","small",10,NA,30,1,2,"BNP",1,1800,242.532,0,241.282,10,0,0.005
"20140813T111613","small",10,NA,30,1,4,"DFJ",NA,1800,NA,1,230.195,9,1,0.007
"20140813T111613","small",10,NA,30,1,4,"BNP",0,1800,242.532,1,230.195,9,1,0.35
"20140813T111613","small",10,NA,30,1,4,"BNP",1,1800,242.532,0,242.532,9,1,0.005
"20140813T111613","small",10,NA,30,1,6,"DFJ",NA,1800,NA,1,230.195,9,1,0.009
"20140813T111613","small",10,NA,30,1,6,"BNP",0,1800,242.532,1,230.195,9,1,0.259
"20140813T111613","small",10,NA,30,1,6,"BNP",1,1800,242.532,0,230.195,9,1,0.005
"20140813T111613","small",10,NA,30,2,2,"DFJ",NA,1800,NA,1,162.881,10,0,1.424
"20140813T111613","small",10,NA,30,2,2,"BNP",0,1800,162.881,1,162.881,9,1,296.366
"20140813T111613","small",10,NA,30,2,2,"BNP",1,1800,162.881,0,162.881,9,1,2.844
"20140813T111613","small",10,NA,30,2,4,"DFJ",NA,1800,NA,1,162.881,9,1,1.637
"20140813T111613","small",10,NA,30,2,4,"BNP",0,1800,162.881,1,162.881,9,1,342.645
"20140813T111613","small",10,NA,30,2,4,"BNP",1,1800,162.881,0,162.881,9,1,1.058
"20140813T111613","small",10,NA,30,2,6,"DFJ",NA,1800,NA,1,162.881,10,0,1.469
"20140813T111613","small",10,NA,30,2,6,"BNP",0,1800,162.881,1,162.881,9,1,307.519
"20140813T111613","small",10,NA,30,2,6,"BNP",1,1800,162.881,0,162.881,9,1,0.989
"20140813T111613","small",10,NA,30,3,2,"DFJ",NA,1800,NA,1,112.929,10,0,2.93
"20140813T111613","small",10,NA,30,3,2,"BNP",0,1800,112.929,1,112.929,10,0,0.086
"20140813T111613","small",10,NA,30,3,2,"BNP",1,1800,112.929,0,112.929,10,0,0.002
"20140813T111613","small",10,NA,30,3,4,"DFJ",NA,1800,NA,1,112.929,10,0,2.615
"20140813T111613","small",10,NA,30,3,4,"BNP",0,1800,112.929,1,112.929,10,0,0.083
"20140813T111613","small",10,NA,30,3,4,"BNP",1,1800,112.929,0,112.929,10,0,0.003
"20140813T111613","small",10,NA,30,3,6,"DFJ",NA,1800,NA,1,112.929,10,0,2.98
"20140813T111613","small",10,NA,30,3,6,"BNP",0,1800,112.929,1,112.929,10,0,0.088
"20140813T111613","small",10,NA,30,3,6,"BNP",1,1800,112.929,0,112.929,10,0,0.003
"20140813T111634","small",10,NA,30,1,2,"DFJ",NA,1800,NA,1,162.645,8,2,0.011
"20140813T111634","small",10,NA,30,1,2,"BNP",0,1800,169.187,1,162.645,8,2,0.687
"20140813T111634","small",10,NA,30,1,2,"BNP",1,1800,169.187,0,162.645,8,2,0.005
"20140813T111634","small",10,NA,30,1,4,"DFJ",NA,1800,NA,1,162.645,8,2,0.025
"20140813T111634","small",10,NA,30,1,4,"BNP",0,1800,169.187,1,162.645,8,2,1.649
"20140813T111634","small",10,NA,30,1,4,"BNP",1,1800,169.187,0,165.045,10,0,0.004
"20140813T111634","small",10,NA,30,1,6,"DFJ",NA,1800,NA,1,162.645,8,2,0.024
"20140813T111634","small",10,NA,30,1,6,"BNP",0,1800,169.187,1,162.645,8,2,0.609
"20140813T111634","small",10,NA,30,1,6,"BNP",1,1800,169.187,0,164.072,8,2,0.005
"20140813T111634","small",10,NA,30,2,2,"DFJ",NA,1800,NA,1,110.287,9,1,3.17
"20140813T111634","small",10,NA,30,2,2,"BNP",0,1800,126.927,1,110.287,8,3,43.965
"20140813T111634","small",10,NA,30,2,2,"BNP",1,1800,126.927,0,110.287,10,0,0.007
"20140813T111634","small",10,NA,30,2,4,"DFJ",NA,1800,NA,1,110.287,9,1,2.519
"20140813T111634","small",10,NA,30,2,4,"BNP",0,1800,126.927,1,110.287,8,2,48.595
"20140813T111634","small",10,NA,30,2,4,"BNP",1,1800,126.927,0,110.287,8,2,0.006
"20140813T111634","small",10,NA,30,2,6,"DFJ",NA,1800,NA,1,110.287,10,0,1.587
"20140813T111634","small",10,NA,30,2,6,"BNP",0,1800,126.927,1,110.287,8,2,33.45
"20140813T111634","small",10,NA,30,2,6,"BNP",1,1800,126.927,0,110.287,10,1,0.08
"20140813T111634","small",10,NA,30,3,2,"DFJ",NA,1800,NA,1,103.882,10,0,34.822
"20140813T111634","small",10,NA,30,3,2,"BNP",0,1800,106.762,1,103.882,9,1,0.261
"20140813T111634","small",10,NA,30,3,2,"BNP",1,1800,106.762,0,103.882,9,1,0.005
"20140813T111634","small",10,NA,30,3,4,"DFJ",NA,1800,NA,1,103.882,9,1,32.192
"20140813T111634","small",10,NA,30,3,4,"BNP",0,1800,106.762,1,103.882,10,0,0.516
"20140813T111634","small",10,NA,30,3,4,"BNP",1,1800,106.762,0,103.882,10,0,0.006
"20140813T111634","small",10,NA,30,3,6,"DFJ",NA,1800,NA,1,103.882,10,0,23.448
"20140813T111634","small",10,NA,30,3,6,"BNP",0,1800,106.762,1,103.882,10,0,0.185
"20140813T111634","small",10,NA,30,3,6,"BNP",1,1800,106.762,0,103.882,10,0,0.005
"20140813T111640","small",10,NA,30,1,2,"DFJ",NA,1800,NA,1,146.461,8,2,0.028
"20140813T111640","small",10,NA,30,1,2,"BNP",0,1800,146.941,1,146.461,9,1,0.542
"20140813T111640","small",10,NA,30,1,2,"BNP",1,1800,146.941,0,146.941,8,2,0.004
"20140813T111640","small",10,NA,30,1,4,"DFJ",NA,1800,NA,1,146.461,8,2,0.024
"20140813T111640","small",10,NA,30,1,4,"BNP",0,1800,146.941,1,146.461,9,1,0.496
"20140813T111640","small",10,NA,30,1,4,"BNP",1,1800,146.941,0,146.461,9,1,0.005
"20140813T111640","small",10,NA,30,1,6,"DFJ",NA,1800,NA,1,146.461,8,2,0.038
"20140813T111640","small",10,NA,30,1,6,"BNP",0,1800,146.941,1,146.461,9,4,0.631
"20140813T111640","small",10,NA,30,1,6,"BNP",1,1800,146.941,0,146.941,8,2,0.014
"20140813T111640","small",10,NA,30,2,2,"DFJ",NA,1800,NA,1,100.237,10,0,1.727
"20140813T111640","small",10,NA,30,2,2,"BNP",0,1800,100.237,1,100.237,8,2,217.398
"20140813T111640","small",10,NA,30,2,2,"BNP",1,1800,100.237,0,100.237,8,2,0.556
"20140813T111640","small",10,NA,30,2,4,"DFJ",NA,1800,NA,1,100.237,10,0,2.285
"20140813T111640","small",10,NA,30,2,4,"BNP",0,1800,100.237,1,100.237,8,2,268.704
"20140813T111640","small",10,NA,30,2,4,"BNP",1,1800,100.237,0,100.237,8,2,0.891
"20140813T111640","small",10,NA,30,2,6,"DFJ",NA,1800,NA,1,100.237,9,1,2.086
"20140813T111640","small",10,NA,30,2,6,"BNP",0,1800,100.237,1,100.237,8,2,237.806
"20140813T111640","small",10,NA,30,2,6,"BNP",1,1800,100.237,0,100.237,8,2,0.728
"20140813T111640","small",10,NA,30,3,2,"DFJ",NA,1800,NA,1,85.8613,10,0,12.595
"20140813T111640","small",10,NA,30,3,2,"BNP",0,1800,94.9573,1,85.8613,9,1,1.108
"20140813T111640","small",10,NA,30,3,2,"BNP",1,1800,94.9573,0,85.8613,10,0,0.02
"20140813T111640","small",10,NA,30,3,4,"DFJ",NA,1800,NA,1,85.8613,9,1,12.009
"20140813T111640","small",10,NA,30,3,4,"BNP",0,1800,94.9573,1,85.8613,9,1,0.355
"20140813T111640","small",10,NA,30,3,4,"BNP",1,1800,94.9573,0,85.8613,9,1,0.004
"20140813T111640","small",10,NA,30,3,6,"DFJ",NA,1800,NA,1,85.8613,9,1,10.246
"20140813T111640","small",10,NA,30,3,6,"BNP",0,1800,94.9573,1,85.8613,9,2,0.484
"20140813T111640","small",10,NA,30,3,6,"BNP",1,1800,94.9573,0,85.8613,9,2,0.004
"20140813T111642","small",10,NA,30,1,2,"DFJ",NA,1800,NA,1,163.383,10,0,0.042
"20140813T111642","small",10,NA,30,1,2,"BNP",0,1800,163.863,1,163.383,10,0,0.424
"20140813T111642","small",10,NA,30,1,2,"BNP",1,1800,163.863,0,163.383,10,0,0.005
"20140813T111642","small",10,NA,30,1,4,"DFJ",NA,1800,NA,1,163.383,10,0,0.017
"20140813T111642","small",10,NA,30,1,4,"BNP",0,1800,163.863,1,163.383,10,0,0.434
"20140813T111642","small",10,NA,30,1,4,"BNP",1,1800,163.863,0,163.383,10,0,0.004
"20140813T111642","small",10,NA,30,1,6,"DFJ",NA,1800,NA,1,163.383,10,0,0.031
"20140813T111642","small",10,NA,30,1,6,"BNP",0,1800,163.863,1,163.383,10,0,0.401
"20140813T111642","small",10,NA,30,1,6,"BNP",1,1800,163.863,0,163.383,10,0,0.005
"20140813T111642","small",10,NA,30,2,2,"DFJ",NA,1800,NA,1,121.772,9,1,2.104
"20140813T111642","small",10,NA,30,2,2,"BNP",0,1800,123.052,1,121.772,9,1,0.348
"20140813T111642","small",10,NA,30,2,2,"BNP",1,1800,123.052,0,121.772,9,1,0.007
"20140813T111642","small",10,NA,30,2,4,"DFJ",NA,1800,NA,1,121.772,10,0,2.135
"20140813T111642","small",10,NA,30,2,4,"BNP",0,1800,123.052,1,121.772,9,1,0.439
"20140813T111642","small",10,NA,30,2,4,"BNP",1,1800,123.052,0,121.772,9,1,0.033
"20140813T111642","small",10,NA,30,2,6,"DFJ",NA,1800,NA,1,121.772,10,0,5.637
"20140813T111642","small",10,NA,30,2,6,"BNP",0,1800,123.052,1,121.772,10,0,0.599
"20140813T111642","small",10,NA,30,2,6,"BNP",1,1800,123.052,0,123.052,9,1,0.004
"20140813T111642","small",10,NA,30,3,2,"DFJ",NA,1800,NA,1,116.012,9,1,13.946
"20140813T111642","small",10,NA,30,3,2,"BNP",0,1800,123.052,1,116.012,9,1,0.413
"20140813T111642","small",10,NA,30,3,2,"BNP",1,1800,123.052,0,116.012,9,1,0.005
"20140813T111642","small",10,NA,30,3,4,"DFJ",NA,1800,NA,1,116.012,10,0,36.623
"20140813T111642","small",10,NA,30,3,4,"BNP",0,1800,123.052,1,116.012,9,1,0.605
"20140813T111642","small",10,NA,30,3,4,"BNP",1,1800,123.052,0,116.012,9,1,0.005
"20140813T111642","small",10,NA,30,3,6,"DFJ",NA,1800,NA,1,116.012,9,1,26.235
"20140813T111642","small",10,NA,30,3,6,"BNP",0,1800,123.052,1,116.012,9,1,0.312
"20140813T111642","small",10,NA,30,3,6,"BNP",1,1800,123.052,0,116.012,9,1,0.005
"20140813T111651","small",10,NA,30,1,2,"DFJ",NA,1800,NA,1,220.65,9,1,0.02
"20140813T111651","small",10,NA,30,1,2,"BNP",0,1800,222.997,1,220.65,10,1,0.602
"20140813T111651","small",10,NA,30,1,2,"BNP",1,1800,222.997,0,220.65,10,1,0.004
"20140813T111651","small",10,NA,30,1,4,"DFJ",NA,1800,NA,1,220.65,10,0,0.018
"20140813T111651","small",10,NA,30,1,4,"BNP",0,1800,222.997,1,220.65,10,0,0.197
"20140813T111651","small",10,NA,30,1,4,"BNP",1,1800,222.997,0,220.65,10,0,0.004
"20140813T111651","small",10,NA,30,1,6,"DFJ",NA,1800,NA,1,220.65,9,1,0.014
"20140813T111651","small",10,NA,30,1,6,"BNP",0,1800,222.997,1,220.65,9,1,1.286
"20140813T111651","small",10,NA,30,1,6,"BNP",1,1800,222.997,0,220.65,9,1,0.005
"20140813T111651","small",10,NA,30,2,2,"DFJ",NA,1800,NA,1,152.269,10,0,1.681
"20140813T111651","small",10,NA,30,2,2,"BNP",0,1800,152.269,1,152.269,9,1,0.136
"20140813T111651","small",10,NA,30,2,2,"BNP",1,1800,152.269,0,152.269,9,1,0.003
"20140813T111651","small",10,NA,30,2,4,"DFJ",NA,1800,NA,1,152.269,9,1,2.676
"20140813T111651","small",10,NA,30,2,4,"BNP",0,1800,152.269,1,152.269,9,1,0.129
"20140813T111651","small",10,NA,30,2,4,"BNP",1,1800,152.269,0,152.269,9,1,0.003
"20140813T111651","small",10,NA,30,2,6,"DFJ",NA,1800,NA,1,152.269,10,0,2.056
"20140813T111651","small",10,NA,30,2,6,"BNP",0,1800,152.269,1,152.269,9,1,0.147
"20140813T111651","small",10,NA,30,2,6,"BNP",1,1800,152.269,0,152.269,9,1,0.003
"20140813T111651","small",10,NA,30,3,2,"DFJ",NA,1800,NA,1,152.269,10,0,20.862
"20140813T111651","small",10,NA,30,3,2,"BNP",0,1800,152.269,1,152.269,8,2,0.142
"20140813T111651","small",10,NA,30,3,2,"BNP",1,1800,152.269,0,152.269,8,2,0.002
"20140813T111651","small",10,NA,30,3,4,"DFJ",NA,1800,NA,1,152.269,10,0,5.181
"20140813T111651","small",10,NA,30,3,4,"BNP",0,1800,152.269,1,152.269,8,2,0.134
"20140813T111651","small",10,NA,30,3,4,"BNP",1,1800,152.269,0,152.269,8,2,0.002
"20140813T111651","small",10,NA,30,3,6,"DFJ",NA,1800,NA,1,152.269,10,0,15.405
"20140813T111651","small",10,NA,30,3,6,"BNP",0,1800,152.269,1,152.269,8,2,0.14
"20140813T111651","small",10,NA,30,3,6,"BNP",1,1800,152.269,0,152.269,8,2,0.002
"20140813T111701","small",10,NA,30,1,2,"DFJ",NA,1800,NA,1,202.217,8,2,0.013
"20140813T111701","small",10,NA,30,1,2,"BNP",0,1800,202.354,1,202.217,8,2,0.424
"20140813T111701","small",10,NA,30,1,2,"BNP",1,1800,202.354,0,202.354,8,2,0.005
"20140813T111701","small",10,NA,30,1,4,"DFJ",NA,1800,NA,1,202.217,8,2,0.014
"20140813T111701","small",10,NA,30,1,4,"BNP",0,1800,202.354,1,202.217,8,2,0.49
"20140813T111701","small",10,NA,30,1,4,"BNP",1,1800,202.354,0,202.354,8,2,0.003
"20140813T111701","small",10,NA,30,1,6,"DFJ",NA,1800,NA,1,202.217,8,2,0.033
"20140813T111701","small",10,NA,30,1,6,"BNP",0,1800,202.354,1,202.217,8,2,0.42
"20140813T111701","small",10,NA,30,1,6,"BNP",1,1800,202.354,0,202.354,8,2,0.003
"20140813T111701","small",10,NA,30,2,2,"DFJ",NA,1800,NA,1,130.858,9,1,0.851
"20140813T111701","small",10,NA,30,2,2,"BNP",0,1800,145.172,1,130.858,8,2,0.485
"20140813T111701","small",10,NA,30,2,2,"BNP",1,1800,145.172,0,130.858,9,1,0.022
"20140813T111701","small",10,NA,30,2,4,"DFJ",NA,1800,NA,1,130.858,9,1,0.845
"20140813T111701","small",10,NA,30,2,4,"BNP",0,1800,145.172,1,130.858,9,1,0.746
"20140813T111701","small",10,NA,30,2,4,"BNP",1,1800,145.172,0,130.858,8,2,0.009
"20140813T111701","small",10,NA,30,2,6,"DFJ",NA,1800,NA,1,130.858,10,0,1.219
"20140813T111701","small",10,NA,30,2,6,"BNP",0,1800,145.172,1,130.858,8,2,0.174
"20140813T111701","small",10,NA,30,2,6,"BNP",1,1800,145.172,0,130.858,8,2,0.005
"20140813T111701","small",10,NA,30,3,2,"DFJ",NA,1800,NA,1,123.964,10,0,17.8
"20140813T111701","small",10,NA,30,3,2,"BNP",0,1800,130.858,1,123.964,10,0,571.849
"20140813T111701","small",10,NA,30,3,2,"BNP",1,1800,130.858,0,123.964,9,1,10.256
"20140813T111701","small",10,NA,30,3,4,"DFJ",NA,1800,NA,1,123.964,10,0,20.443
"20140813T111701","small",10,NA,30,3,4,"BNP",0,1800,130.858,0,123.964,8,2,1200.197
"20140813T111701","small",10,NA,30,3,4,"BNP",1,1800,130.858,0,123.964,9,3,8.363
"20140813T111701","small",10,NA,30,3,6,"DFJ",NA,1800,NA,1,123.964,9,1,19.275
"20140813T111701","small",10,NA,30,3,6,"BNP",0,1800,130.858,0,123.964,9,1,1200.089
"20140813T111701","small",10,NA,30,3,6,"BNP",1,1800,130.858,0,123.964,8,2,7.481
"20140813T111710","small",10,NA,30,1,2,"DFJ",NA,1800,NA,1,146.243,8,2,0.036
"20140813T111710","small",10,NA,30,1,2,"BNP",0,1800,155.117,1,146.243,8,2,0.198
"20140813T111710","small",10,NA,30,1,2,"BNP",1,1800,155.117,0,146.243,8,2,0.005
"20140813T111710","small",10,NA,30,1,4,"DFJ",NA,1800,NA,1,146.243,7,3,0.03
"20140813T111710","small",10,NA,30,1,4,"BNP",0,1800,146.243,1,146.243,7,3,0.155
"20140813T111710","small",10,NA,30,1,4,"BNP",1,1800,146.243,0,146.243,7,3,0.004
"20140813T111710","small",10,NA,30,1,6,"DFJ",NA,1800,NA,1,146.243,8,2,0.033
"20140813T111710","small",10,NA,30,1,6,"BNP",0,1800,146.243,1,146.243,7,3,0.132
"20140813T111710","small",10,NA,30,1,6,"BNP",1,1800,146.243,0,146.243,7,3,0.006
"20140813T111710","small",10,NA,30,2,2,"DFJ",NA,1800,NA,1,104.248,9,1,1.418
"20140813T111710","small",10,NA,30,2,2,"BNP",0,1800,109.751,1,104.248,7,4,179.427
"20140813T111710","small",10,NA,30,2,2,"BNP",1,1800,109.751,0,104.248,8,3,1.006
"20140813T111710","small",10,NA,30,2,4,"DFJ",NA,1800,NA,1,104.248,9,1,1.323
"20140813T111710","small",10,NA,30,2,4,"BNP",0,1800,109.751,1,104.248,7,5,138.014
"20140813T111710","small",10,NA,30,2,4,"BNP",1,1800,109.751,0,104.248,7,3,0.713
"20140813T111710","small",10,NA,30,2,6,"DFJ",NA,1800,NA,1,104.248,8,2,1.845
"20140813T111710","small",10,NA,30,2,6,"BNP",0,1800,109.751,1,104.248,7,3,154.258
"20140813T111710","small",10,NA,30,2,6,"BNP",1,1800,109.751,0,104.248,7,3,0.495
"20140813T111710","small",10,NA,30,3,2,"DFJ",NA,1800,NA,1,82.7465,8,2,2.245
"20140813T111710","small",10,NA,30,3,2,"BNP",0,1800,108.342,1,82.7465,7,3,0.593
"20140813T111710","small",10,NA,30,3,2,"BNP",1,1800,108.342,0,82.7465,7,3,0.007
"20140813T111710","small",10,NA,30,3,4,"DFJ",NA,1800,NA,1,82.7465,8,2,2.542
"20140813T111710","small",10,NA,30,3,4,"BNP",0,1800,108.342,1,82.7465,7,3,0.501
"20140813T111710","small",10,NA,30,3,4,"BNP",1,1800,108.342,0,82.7465,7,3,0.006
"20140813T111710","small",10,NA,30,3,6,"DFJ",NA,1800,NA,1,82.7465,8,2,2.678
"20140813T111710","small",10,NA,30,3,6,"BNP",0,1800,108.342,1,82.7465,7,4,0.401
"20140813T111710","small",10,NA,30,3,6,"BNP",1,1800,108.342,0,82.7465,7,4,0.009
"20140813T111712","small",10,NA,30,1,2,"DFJ",NA,1800,NA,1,75.2462,7,3,0.067
"20140813T111712","small",10,NA,30,1,2,"BNP",0,1800,75.8862,1,75.2462,6,4,0.777
"20140813T111712","small",10,NA,30,1,2,"BNP",1,1800,75.8862,0,75.8862,8,2,0.004
"20140813T111712","small",10,NA,30,1,4,"DFJ",NA,1800,NA,1,75.2462,6,4,0.098
"20140813T111712","small",10,NA,30,1,4,"BNP",0,1800,75.2462,1,75.2462,7,3,0.919
"20140813T111712","small",10,NA,30,1,4,"BNP",1,1800,75.2462,0,75.2462,7,3,0.003
"20140813T111712","small",10,NA,30,1,6,"DFJ",NA,1800,NA,1,75.2462,7,3,0.073
"20140813T111712","small",10,NA,30,1,6,"BNP",0,1800,75.2462,1,75.2462,7,3,0.395
"20140813T111712","small",10,NA,30,1,6,"BNP",1,1800,75.2462,0,75.2462,7,3,0.005
"20140813T111712","small",10,NA,30,2,2,"DFJ",NA,1800,NA,1,62.4749,7,3,9.457
"20140813T111712","small",10,NA,30,2,2,"BNP",0,1800,64.2854,1,62.4749,6,4,51.389
"20140813T111712","small",10,NA,30,2,2,"BNP",1,1800,64.2854,0,62.4749,7,3,0.083
"20140813T111712","small",10,NA,30,2,4,"DFJ",NA,1800,NA,1,62.4749,7,3,10.324
"20140813T111712","small",10,NA,30,2,4,"BNP",0,1800,67.4062,1,62.4749,8,2,65.75
"20140813T111712","small",10,NA,30,2,4,"BNP",1,1800,67.4062,0,62.4749,7,4,0.099
"20140813T111712","small",10,NA,30,2,6,"DFJ",NA,1800,NA,1,62.4749,7,3,7.394
"20140813T111712","small",10,NA,30,2,6,"BNP",0,1800,62.4749,1,62.4749,7,3,81.955
"20140813T111712","small",10,NA,30,2,6,"BNP",1,1800,62.4749,0,62.4749,7,3,0.163
"20140813T111712","small",10,NA,30,3,2,"DFJ",NA,1800,NA,1,57.6749,9,1,122.892
"20140813T111712","small",10,NA,30,3,2,"BNP",0,1800,58.3862,1,57.6749,7,4,385.646
"20140813T111712","small",10,NA,30,3,2,"BNP",1,1800,58.3862,0,57.6749,7,3,2.983
"20140813T111712","small",10,NA,30,3,4,"DFJ",NA,1800,NA,1,57.6749,9,1,111.155
"20140813T111712","small",10,NA,30,3,4,"BNP",0,1800,58.3862,1,57.6749,8,5,490.835
"20140813T111712","small",10,NA,30,3,4,"BNP",1,1800,58.3862,0,57.6749,7,3,4.292
"20140813T111712","small",10,NA,30,3,6,"DFJ",NA,1800,NA,1,57.6749,8,2,79.528
"20140813T111712","small",10,NA,30,3,6,"BNP",0,1800,58.3862,1,57.6749,7,3,304.331
"20140813T111712","small",10,NA,30,3,6,"BNP",1,1800,58.3862,0,57.6749,6,9,2.185
"20140813T111722","small",10,NA,30,1,2,"DFJ",NA,1800,NA,1,132.85,7,3,0.015
"20140813T111722","small",10,NA,30,1,2,"BNP",0,1800,132.85,1,132.85,8,2,0.229
"20140813T111722","small",10,NA,30,1,2,"BNP",1,1800,132.85,0,132.85,8,2,0.004
"20140813T111722","small",10,NA,30,1,4,"DFJ",NA,1800,NA,1,132.85,7,3,0.009
"20140813T111722","small",10,NA,30,1,4,"BNP",0,1800,132.85,1,132.85,8,2,0.194
"20140813T111722","small",10,NA,30,1,4,"BNP",1,1800,132.85,0,132.85,8,2,0.004
"20140813T111722","small",10,NA,30,1,6,"DFJ",NA,1800,NA,1,132.85,7,3,0.025
"20140813T111722","small",10,NA,30,1,6,"BNP",0,1800,132.85,1,132.85,8,2,0.118
"20140813T111722","small",10,NA,30,1,6,"BNP",1,1800,132.85,0,132.85,8,2,0.007
"20140813T111722","small",10,NA,30,2,2,"DFJ",NA,1800,NA,1,91.0837,7,3,1.041
"20140813T111722","small",10,NA,30,2,2,"BNP",0,1800,91.0838,1,91.0838,8,2,57.378
"20140813T111722","small",10,NA,30,2,2,"BNP",1,1800,91.0838,0,91.0838,8,2,0.093
"20140813T111722","small",10,NA,30,2,4,"DFJ",NA,1800,NA,1,91.0837,7,3,1.116
"20140813T111722","small",10,NA,30,2,4,"BNP",0,1800,91.0838,1,91.0838,7,3,96.72
"20140813T111722","small",10,NA,30,2,4,"BNP",1,1800,91.0838,0,91.0838,7,3,0.281
"20140813T111722","small",10,NA,30,2,6,"DFJ",NA,1800,NA,1,91.0838,8,2,1.685
"20140813T111722","small",10,NA,30,2,6,"BNP",0,1800,91.0838,1,91.0838,7,3,52.061
"20140813T111722","small",10,NA,30,2,6,"BNP",1,1800,91.0838,0,91.0838,7,3,0.209
"20140813T111722","small",10,NA,30,3,2,"DFJ",NA,1800,NA,1,68.4439,9,1,1.121
"20140813T111722","small",10,NA,30,3,2,"BNP",0,1800,68.4439,1,68.4439,8,2,71.586
"20140813T111722","small",10,NA,30,3,2,"BNP",1,1800,68.4439,0,68.4439,8,2,0.31
"20140813T111722","small",10,NA,30,3,4,"DFJ",NA,1800,NA,1,68.4439,8,2,0.729
"20140813T111722","small",10,NA,30,3,4,"BNP",0,1800,74.6509,1,68.4439,7,4,71.595
"20140813T111722","small",10,NA,30,3,4,"BNP",1,1800,74.6509,0,68.4439,7,3,0.506
"20140813T111722","small",10,NA,30,3,6,"DFJ",NA,1800,NA,1,68.4439,8,2,1.543
"20140813T111722","small",10,NA,30,3,6,"BNP",0,1800,74.6509,1,68.4439,9,2,61.617
"20140813T111722","small",10,NA,30,3,6,"BNP",1,1800,74.6509,0,68.4439,9,2,0.183
"20140813T111733","small",10,NA,30,1,2,"DFJ",NA,1800,NA,1,107.899,8,2,0.031
"20140813T111733","small",10,NA,30,1,2,"BNP",0,1800,107.899,1,107.899,8,2,0.363
"20140813T111733","small",10,NA,30,1,2,"BNP",1,1800,107.899,0,107.899,8,2,0.004
"20140813T111733","small",10,NA,30,1,4,"DFJ",NA,1800,NA,1,107.899,8,2,0.039
"20140813T111733","small",10,NA,30,1,4,"BNP",0,1800,107.899,1,107.899,7,3,0.388
"20140813T111733","small",10,NA,30,1,4,"BNP",1,1800,107.899,0,107.899,7,3,0.01
"20140813T111733","small",10,NA,30,1,6,"DFJ",NA,1800,NA,1,107.899,8,2,0.034
"20140813T111733","small",10,NA,30,1,6,"BNP",0,1800,107.899,1,107.899,7,3,0.299
"20140813T111733","small",10,NA,30,1,6,"BNP",1,1800,107.899,0,107.899,7,3,0.003
"20140813T111733","small",10,NA,30,2,2,"DFJ",NA,1800,NA,1,74.367,9,1,1.883
"20140813T111733","small",10,NA,30,2,2,"BNP",0,1800,78.207,1,74.367,10,2,0.45
"20140813T111733","small",10,NA,30,2,2,"BNP",1,1800,78.207,0,74.367,10,2,0.015
"20140813T111733","small",10,NA,30,2,4,"DFJ",NA,1800,NA,1,74.367,10,0,0.774
"20140813T111733","small",10,NA,30,2,4,"BNP",0,1800,78.207,1,74.367,10,0,1.137
"20140813T111733","small",10,NA,30,2,4,"BNP",1,1800,78.207,0,74.367,10,0,0.005
"20140813T111733","small",10,NA,30,2,6,"DFJ",NA,1800,NA,1,74.367,10,0,1.19
"20140813T111733","small",10,NA,30,2,6,"BNP",0,1800,78.207,1,74.367,10,0,0.366
"20140813T111733","small",10,NA,30,2,6,"BNP",1,1800,78.207,0,74.367,10,0,0.007
"20140813T111733","small",10,NA,30,3,2,"DFJ",NA,1800,NA,1,70.207,10,0,9.344
"20140813T111733","small",10,NA,30,3,2,"BNP",0,1800,78.207,1,70.207,7,3,0.274
"20140813T111733","small",10,NA,30,3,2,"BNP",1,1800,78.207,0,70.207,7,3,0.005
"20140813T111733","small",10,NA,30,3,4,"DFJ",NA,1800,NA,1,70.207,10,0,10.836
"20140813T111733","small",10,NA,30,3,4,"BNP",0,1800,78.207,1,70.207,8,2,0.62
"20140813T111733","small",10,NA,30,3,4,"BNP",1,1800,78.207,0,70.207,8,2,0.011
"20140813T111733","small",10,NA,30,3,6,"DFJ",NA,1800,NA,1,70.207,8,2,7.645
"20140813T111733","small",10,NA,30,3,6,"BNP",0,1800,78.207,1,70.207,8,2,0.852
"20140813T111733","small",10,NA,30,3,6,"BNP",1,1800,78.207,0,70.207,8,2,0.011
"20140813T111735","small",10,NA,30,1,2,"DFJ",NA,1800,NA,1,77.8939,8,2,0.039
"20140813T111735","small",10,NA,30,1,2,"BNP",0,1800,99.175,1,77.8939,8,2,0.19
"20140813T111735","small",10,NA,30,1,2,"BNP",1,1800,99.175,0,77.8939,8,2,0.006
"20140813T111735","small",10,NA,30,1,4,"DFJ",NA,1800,NA,1,77.8939,8,2,0.036
"20140813T111735","small",10,NA,30,1,4,"BNP",0,1800,77.8939,1,77.8939,7,3,0.24
"20140813T111735","small",10,NA,30,1,4,"BNP",1,1800,77.8939,0,77.8939,7,3,0.003
"20140813T111735","small",10,NA,30,1,6,"DFJ",NA,1800,NA,1,77.8939,8,2,0.037
"20140813T111735","small",10,NA,30,1,6,"BNP",0,1800,77.8939,1,77.8939,7,3,0.196
"20140813T111735","small",10,NA,30,1,6,"BNP",1,1800,77.8939,0,77.8939,7,3,0.004
"20140813T111735","small",10,NA,30,2,2,"DFJ",NA,1800,NA,1,72.1339,8,2,2.075
"20140813T111735","small",10,NA,30,2,2,"BNP",0,1800,77.8939,1,72.1339,7,3,51.439
"20140813T111735","small",10,NA,30,2,2,"BNP",1,1800,77.8939,0,72.1339,6,4,0.055
"20140813T111735","small",10,NA,30,2,4,"DFJ",NA,1800,NA,1,72.1339,7,3,1.629
"20140813T111735","small",10,NA,30,2,4,"BNP",0,1800,77.4139,1,72.1339,6,4,54.703
"20140813T111735","small",10,NA,30,2,4,"BNP",1,1800,77.4139,0,72.1339,6,4,0.079
"20140813T111735","small",10,NA,30,2,6,"DFJ",NA,1800,NA,1,72.1339,9,1,1.524
"20140813T111735","small",10,NA,30,2,6,"BNP",0,1800,77.4139,1,72.1339,7,3,31.478
"20140813T111735","small",10,NA,30,2,6,"BNP",1,1800,77.4139,0,72.1339,7,3,0.056
"20140813T111735","small",10,NA,30,3,2,"DFJ",NA,1800,NA,1,68.7955,8,2,8.517
"20140813T111735","small",10,NA,30,3,2,"BNP",0,1800,77.4139,1,68.7955,8,2,0.841
"20140813T111735","small",10,NA,30,3,2,"BNP",1,1800,77.4139,0,68.7955,8,2,0.007
"20140813T111735","small",10,NA,30,3,4,"DFJ",NA,1800,NA,1,68.7955,9,1,6.282
"20140813T111735","small",10,NA,30,3,4,"BNP",0,1800,73.0939,1,68.7955,6,4,0.804
"20140813T111735","small",10,NA,30,3,4,"BNP",1,1800,73.0939,0,68.7955,6,4,0.006
"20140813T111735","small",10,NA,30,3,6,"DFJ",NA,1800,NA,1,68.7955,9,1,7.721
"20140813T111735","small",10,NA,30,3,6,"BNP",0,1800,73.0939,1,68.7955,7,3,0.851
"20140813T111735","small",10,NA,30,3,6,"BNP",1,1800,73.0939,0,68.7955,7,3,0.008
"20140813T111807","small",10,NA,30,1,2,"DFJ",NA,1800,NA,1,133.745,7,3,0.089
"20140813T111807","small",10,NA,30,1,2,"BNP",0,1800,133.745,1,133.745,7,3,1.579
"20140813T111807","small",10,NA,30,1,2,"BNP",1,1800,133.745,0,133.745,7,3,0.003
"20140813T111807","small",10,NA,30,1,4,"DFJ",NA,1800,NA,1,133.745,7,3,0.06
"20140813T111807","small",10,NA,30,1,4,"BNP",0,1800,133.745,1,133.745,7,3,1.025
"20140813T111807","small",10,NA,30,1,4,"BNP",1,1800,133.745,0,133.745,7,3,0.005
"20140813T111807","small",10,NA,30,1,6,"DFJ",NA,1800,NA,1,133.745,7,3,0.072
"20140813T111807","small",10,NA,30,1,6,"BNP",0,1800,133.745,1,133.745,7,3,0.454
"20140813T111807","small",10,NA,30,1,6,"BNP",1,1800,133.745,0,133.745,7,3,0.003
"20140813T111807","small",10,NA,30,2,2,"DFJ",NA,1800,NA,1,101.272,9,1,2.148
"20140813T111807","small",10,NA,30,2,2,"BNP",0,1800,101.272,1,101.272,8,2,0.486
"20140813T111807","small",10,NA,30,2,2,"BNP",1,1800,101.272,0,101.272,8,2,0.003
"20140813T111807","small",10,NA,30,2,4,"DFJ",NA,1800,NA,1,101.272,8,2,2.071
"20140813T111807","small",10,NA,30,2,4,"BNP",0,1800,101.272,1,101.272,6,4,0.363
"20140813T111807","small",10,NA,30,2,4,"BNP",1,1800,101.272,0,101.272,6,4,0.003
"20140813T111807","small",10,NA,30,2,6,"DFJ",NA,1800,NA,1,101.272,8,2,2.526
"20140813T111807","small",10,NA,30,2,6,"BNP",0,1800,101.272,1,101.272,6,4,0.453
"20140813T111807","small",10,NA,30,2,6,"BNP",1,1800,101.272,0,101.272,6,4,0.003
"20140813T111807","small",10,NA,30,3,2,"DFJ",NA,1800,NA,1,99.8318,9,1,1.69
"20140813T111807","small",10,NA,30,3,2,"BNP",0,1800,99.8318,1,99.8318,8,2,0.104
"20140813T111807","small",10,NA,30,3,2,"BNP",1,1800,99.8318,0,99.8318,8,2,0.003
"20140813T111807","small",10,NA,30,3,4,"DFJ",NA,1800,NA,1,99.8318,9,1,1.968
"20140813T111807","small",10,NA,30,3,4,"BNP",0,1800,99.8318,1,99.8318,6,4,0.095
"20140813T111807","small",10,NA,30,3,4,"BNP",1,1800,99.8318,0,99.8318,6,4,0.002
"20140813T111807","small",10,NA,30,3,6,"DFJ",NA,1800,NA,1,99.8318,10,0,2.518
"20140813T111807","small",10,NA,30,3,6,"BNP",0,1800,99.8318,1,99.8318,6,4,0.084
"20140813T111807","small",10,NA,30,3,6,"BNP",1,1800,99.8318,0,99.8318,6,4,0.002
"20140813T111813","small",10,NA,30,1,2,"DFJ",NA,1800,NA,1,102.202,6,4,0.06
"20140813T111813","small",10,NA,30,1,2,"BNP",0,1800,105.082,1,102.202,6,4,0.257
"20140813T111813","small",10,NA,30,1,2,"BNP",1,1800,105.082,0,103.726,8,2,0.003
"20140813T111813","small",10,NA,30,1,4,"DFJ",NA,1800,NA,1,102.202,6,4,0.097
"20140813T111813","small",10,NA,30,1,4,"BNP",0,1800,105.082,1,102.202,6,4,0.232
"20140813T111813","small",10,NA,30,1,4,"BNP",1,1800,105.082,0,103.726,8,3,0.003
"20140813T111813","small",10,NA,30,1,6,"DFJ",NA,1800,NA,1,102.202,6,4,0.098
"20140813T111813","small",10,NA,30,1,6,"BNP",0,1800,102.202,1,102.202,5,5,0.315
"20140813T111813","small",10,NA,30,1,6,"BNP",1,1800,102.202,0,102.202,5,5,0.004
"20140813T111813","small",10,NA,30,2,2,"DFJ",NA,1800,NA,1,71.5304,6,4,1.077
"20140813T111813","small",10,NA,30,2,2,"BNP",0,1800,79.9685,1,71.5304,5,5,18.036
"20140813T111813","small",10,NA,30,2,2,"BNP",1,1800,79.9685,0,71.5304,7,3,0.031
"20140813T111813","small",10,NA,30,2,4,"DFJ",NA,1800,NA,1,71.5304,8,2,0.657
"20140813T111813","small",10,NA,30,2,4,"BNP",0,1800,71.5304,1,71.5304,6,4,22.979
"20140813T111813","small",10,NA,30,2,4,"BNP",1,1800,71.5304,0,71.5304,6,4,0.041
"20140813T111813","small",10,NA,30,2,6,"DFJ",NA,1800,NA,1,71.5304,6,4,1.677
"20140813T111813","small",10,NA,30,2,6,"BNP",0,1800,71.5304,1,71.5304,5,5,15.167
"20140813T111813","small",10,NA,30,2,6,"BNP",1,1800,71.5304,0,71.5304,5,5,0.019
"20140813T111813","small",10,NA,30,3,2,"DFJ",NA,1800,NA,1,53.3154,9,1,2.048
"20140813T111813","small",10,NA,30,3,2,"BNP",0,1800,71.0741,1,53.3154,6,4,441.323
"20140813T111813","small",10,NA,30,3,2,"BNP",1,1800,71.0741,0,53.3154,6,4,1.719
"20140813T111813","small",10,NA,30,3,4,"DFJ",NA,1800,NA,1,53.3154,7,3,0.812
"20140813T111813","small",10,NA,30,3,4,"BNP",0,1800,53.3154,1,53.3154,6,4,263.083
"20140813T111813","small",10,NA,30,3,4,"BNP",1,1800,53.3154,0,53.3154,6,4,0.927
"20140813T111813","small",10,NA,30,3,6,"DFJ",NA,1800,NA,1,53.3154,6,4,1.835
"20140813T111813","small",10,NA,30,3,6,"BNP",0,1800,53.3154,1,53.3154,5,5,301.686
"20140813T111813","small",10,NA,30,3,6,"BNP",1,1800,53.3154,0,53.3154,5,5,0.598
"20140813T111817","small",10,NA,30,1,2,"DFJ",NA,1800,NA,1,86.7991,6,4,0.096
"20140813T111817","small",10,NA,30,1,2,"BNP",0,1800,86.7991,1,86.7991,5,5,0.325
"20140813T111817","small",10,NA,30,1,2,"BNP",1,1800,86.7991,0,86.7991,5,5,0.004
"20140813T111817","small",10,NA,30,1,4,"DFJ",NA,1800,NA,1,86.7991,5,5,0.12
"20140813T111817","small",10,NA,30,1,4,"BNP",0,1800,86.7991,1,86.7991,5,5,0.244
"20140813T111817","small",10,NA,30,1,4,"BNP",1,1800,86.7991,0,86.7991,5,5,0.004
"20140813T111817","small",10,NA,30,1,6,"DFJ",NA,1800,NA,1,86.7991,6,4,0.098
"20140813T111817","small",10,NA,30,1,6,"BNP",0,1800,86.7991,1,86.7991,4,6,0.17
"20140813T111817","small",10,NA,30,1,6,"BNP",1,1800,86.7991,0,86.7991,4,6,0.004
"20140813T111817","small",10,NA,30,2,2,"DFJ",NA,1800,NA,1,63.3668,6,4,1.711
"20140813T111817","small",10,NA,30,2,2,"BNP",0,1800,63.3668,1,63.3668,7,3,0.26
"20140813T111817","small",10,NA,30,2,2,"BNP",1,1800,63.3668,0,63.3668,7,3,0.003
"20140813T111817","small",10,NA,30,2,4,"DFJ",NA,1800,NA,1,63.3668,6,4,0.837
"20140813T111817","small",10,NA,30,2,4,"BNP",0,1800,63.3668,1,63.3668,6,4,0.305
"20140813T111817","small",10,NA,30,2,4,"BNP",1,1800,63.3668,0,63.3668,6,4,0.003
"20140813T111817","small",10,NA,30,2,6,"DFJ",NA,1800,NA,1,63.3668,6,4,1.377
"20140813T111817","small",10,NA,30,2,6,"BNP",0,1800,63.3668,1,63.3668,4,6,0.247
"20140813T111817","small",10,NA,30,2,6,"BNP",1,1800,63.3668,0,63.3668,4,6,0.007
"20140813T111817","small",10,NA,30,3,2,"DFJ",NA,1800,NA,1,58.0179,7,3,15.79
"20140813T111817","small",10,NA,30,3,2,"BNP",0,1800,58.0179,1,58.0179,8,2,0.211
"20140813T111817","small",10,NA,30,3,2,"BNP",1,1800,58.0179,0,58.0179,8,2,0.003
"20140813T111817","small",10,NA,30,3,4,"DFJ",NA,1800,NA,1,58.0179,7,3,16.539
"20140813T111817","small",10,NA,30,3,4,"BNP",0,1800,58.0179,1,58.0179,6,4,0.133
"20140813T111817","small",10,NA,30,3,4,"BNP",1,1800,58.0179,0,58.0179,6,4,0.002
"20140813T111817","small",10,NA,30,3,6,"DFJ",NA,1800,NA,1,58.0179,9,1,12.262
"20140813T111817","small",10,NA,30,3,6,"BNP",0,1800,58.0179,1,58.0179,4,6,0.137
"20140813T111817","small",10,NA,30,3,6,"BNP",1,1800,58.0179,0,58.0179,4,6,0.002
"20140813T111830","small",10,NA,30,1,2,"DFJ",NA,1800,NA,1,85.1197,5,5,0.112
"20140813T111830","small",10,NA,30,1,2,"BNP",0,1800,85.2797,1,85.1197,6,4,1.212
"20140813T111830","small",10,NA,30,1,2,"BNP",1,1800,85.2797,0,85.2797,6,4,0.003
"20140813T111830","small",10,NA,30,1,4,"DFJ",NA,1800,NA,1,85.1197,6,4,0.084
"20140813T111830","small",10,NA,30,1,4,"BNP",0,1800,85.2797,1,85.1197,6,4,0.369
"20140813T111830","small",10,NA,30,1,4,"BNP",1,1800,85.2797,0,85.1197,6,4,0.004
"20140813T111830","small",10,NA,30,1,6,"DFJ",NA,1800,NA,1,85.1197,5,5,0.087
"20140813T111830","small",10,NA,30,1,6,"BNP",0,1800,85.1197,1,85.1197,5,5,0.236
"20140813T111830","small",10,NA,30,1,6,"BNP",1,1800,85.1197,0,85.1197,5,5,0.004
"20140813T111830","small",10,NA,30,2,2,"DFJ",NA,1800,NA,1,57.0363,6,4,0.849
"20140813T111830","small",10,NA,30,2,2,"BNP",0,1800,58.8716,1,57.0363,9,3,0.255
"20140813T111830","small",10,NA,30,2,2,"BNP",1,1800,58.8716,0,57.0363,9,3,0.005
"20140813T111830","small",10,NA,30,2,4,"DFJ",NA,1800,NA,1,57.0363,6,4,0.736
"20140813T111830","small",10,NA,30,2,4,"BNP",0,1800,58.8716,1,57.0363,7,4,0.161
"20140813T111830","small",10,NA,30,2,4,"BNP",1,1800,58.8716,0,57.0363,7,4,0.004
"20140813T111830","small",10,NA,30,2,6,"DFJ",NA,1800,NA,1,57.0363,6,4,0.965
"20140813T111830","small",10,NA,30,2,6,"BNP",0,1800,57.0363,1,57.0363,6,4,0.262
"20140813T111830","small",10,NA,30,2,6,"BNP",1,1800,57.0363,0,57.0363,6,4,0.004
"20140813T111830","small",10,NA,30,3,2,"DFJ",NA,1800,NA,1,49.6501,6,4,7.855
"20140813T111830","small",10,NA,30,3,2,"BNP",0,1800,57.0363,1,49.6501,8,2,0.264
"20140813T111830","small",10,NA,30,3,2,"BNP",1,1800,57.0363,0,49.6501,8,2,0.004
"20140813T111830","small",10,NA,30,3,4,"DFJ",NA,1800,NA,1,49.6501,7,3,7.985
"20140813T111830","small",10,NA,30,3,4,"BNP",0,1800,72.1158,1,49.6501,5,5,0.918
"20140813T111830","small",10,NA,30,3,4,"BNP",1,1800,72.1158,0,49.6501,7,3,0.009
"20140813T111830","small",10,NA,30,3,6,"DFJ",NA,1800,NA,1,49.6501,8,2,5.948
"20140813T111830","small",10,NA,30,3,6,"BNP",0,1800,57.0363,1,49.6501,8,2,0.367
"20140813T111830","small",10,NA,30,3,6,"BNP",1,1800,57.0363,0,49.6501,8,2,0.007
"20140813T111836","small",10,NA,30,1,2,"DFJ",NA,1800,NA,1,69.118,5,5,0.06
"20140813T111836","small",10,NA,30,1,2,"BNP",0,1800,75.0107,1,69.118,6,4,0.343
"20140813T111836","small",10,NA,30,1,2,"BNP",1,1800,75.0107,0,69.118,6,4,0.004
"20140813T111836","small",10,NA,30,1,4,"DFJ",NA,1800,NA,1,69.118,5,5,0.06
"20140813T111836","small",10,NA,30,1,4,"BNP",0,1800,69.118,1,69.118,5,5,0.225
"20140813T111836","small",10,NA,30,1,4,"BNP",1,1800,69.118,0,69.118,5,5,0.004
"20140813T111836","small",10,NA,30,1,6,"DFJ",NA,1800,NA,1,69.118,5,5,0.088
"20140813T111836","small",10,NA,30,1,6,"BNP",0,1800,69.118,1,69.118,5,5,0.111
"20140813T111836","small",10,NA,30,1,6,"BNP",1,1800,69.118,0,69.118,5,5,0.003
"20140813T111836","small",10,NA,30,2,2,"DFJ",NA,1800,NA,1,64.1851,5,5,2.838
"20140813T111836","small",10,NA,30,2,2,"BNP",0,1800,67.5451,1,64.1851,6,5,0.874
"20140813T111836","small",10,NA,30,2,2,"BNP",1,1800,67.5451,0,64.1851,5,5,0.01
"20140813T111836","small",10,NA,30,2,4,"DFJ",NA,1800,NA,1,64.1851,5,5,2.397
"20140813T111836","small",10,NA,30,2,4,"BNP",0,1800,67.5451,1,64.1851,6,5,0.588
"20140813T111836","small",10,NA,30,2,4,"BNP",1,1800,67.5451,0,64.1851,7,4,0.005
"20140813T111836","small",10,NA,30,2,6,"DFJ",NA,1800,NA,1,64.1851,8,2,2.685
"20140813T111836","small",10,NA,30,2,6,"BNP",0,1800,64.1851,1,64.1851,5,5,0.445
"20140813T111836","small",10,NA,30,2,6,"BNP",1,1800,64.1851,0,64.1851,5,5,0.011
"20140813T111836","small",10,NA,30,3,2,"DFJ",NA,1800,NA,1,64.1851,8,2,53.083
"20140813T111836","small",10,NA,30,3,2,"BNP",0,1800,66.9473,1,64.1851,6,4,0.914
"20140813T111836","small",10,NA,30,3,2,"BNP",1,1800,66.9473,0,64.1851,6,4,0.005
"20140813T111836","small",10,NA,30,3,4,"DFJ",NA,1800,NA,1,64.1851,5,5,39.158
"20140813T111836","small",10,NA,30,3,4,"BNP",0,1800,64.1851,1,64.1851,6,4,0.211
"20140813T111836","small",10,NA,30,3,4,"BNP",1,1800,64.1851,0,64.1851,6,4,0.003
"20140813T111836","small",10,NA,30,3,6,"DFJ",NA,1800,NA,1,64.1851,7,3,24.943
"20140813T111836","small",10,NA,30,3,6,"BNP",0,1800,64.1851,1,64.1851,5,5,0.286
"20140813T111836","small",10,NA,30,3,6,"BNP",1,1800,64.1851,0,64.1851,5,5,0.003
"20140813T111916","small",10,NA,30,1,2,"DFJ",NA,1800,NA,1,85.2606,4,6,0.071
"20140813T111916","small",10,NA,30,1,2,"BNP",0,1800,90.353,1,85.2606,4,6,0.522
"20140813T111916","small",10,NA,30,1,2,"BNP",1,1800,90.353,0,85.2606,4,6,0.005
"20140813T111916","small",10,NA,30,1,4,"DFJ",NA,1800,NA,1,85.2606,3,7,0.074
"20140813T111916","small",10,NA,30,1,4,"BNP",0,1800,90.353,1,85.2606,5,6,0.155
"20140813T111916","small",10,NA,30,1,4,"BNP",1,1800,90.353,0,85.2606,5,6,0.003
"20140813T111916","small",10,NA,30,1,6,"DFJ",NA,1800,NA,1,85.2606,3,7,0.078
"20140813T111916","small",10,NA,30,1,6,"BNP",0,1800,85.2606,1,85.2606,3,7,0.144
"20140813T111916","small",10,NA,30,1,6,"BNP",1,1800,85.2606,0,85.2606,3,7,0.004
"20140813T111916","small",10,NA,30,2,2,"DFJ",NA,1800,NA,1,60.1297,6,4,3.24
"20140813T111916","small",10,NA,30,2,2,"BNP",0,1800,71.8206,0,60.1297,7,4,1200.034
"20140813T111916","small",10,NA,30,2,2,"BNP",1,1800,71.8206,0,60.1297,6,4,11.336
"20140813T111916","small",10,NA,30,2,4,"DFJ",NA,1800,NA,1,60.1297,6,4,2.36
"20140813T111916","small",10,NA,30,2,4,"BNP",0,1800,71.8206,1,60.1297,3,7,457.896
"20140813T111916","small",10,NA,30,2,4,"BNP",1,1800,71.8206,0,60.1297,3,7,2.839
"20140813T111916","small",10,NA,30,2,6,"DFJ",NA,1800,NA,1,60.1297,6,4,3.619
"20140813T111916","small",10,NA,30,2,6,"BNP",0,1800,71.4332,1,60.1297,3,7,411.826
"20140813T111916","small",10,NA,30,2,6,"BNP",1,1800,71.4332,0,60.1297,3,8,1.614
"20140813T111916","small",10,NA,30,3,2,"DFJ",NA,1800,NA,1,46.3023,7,3,11.545
"20140813T111916","small",10,NA,30,3,2,"BNP",0,1800,47.8835,1,46.3023,7,3,1.768
"20140813T111916","small",10,NA,30,3,2,"BNP",1,1800,47.8835,0,46.3023,6,4,0.018
"20140813T111916","small",10,NA,30,3,4,"DFJ",NA,1800,NA,1,46.3023,6,4,6.179
"20140813T111916","small",10,NA,30,3,4,"BNP",0,1800,71.7876,1,46.3023,4,6,1.118
"20140813T111916","small",10,NA,30,3,4,"BNP",1,1800,71.7876,0,46.3023,5,5,0.009
"20140813T111916","small",10,NA,30,3,6,"DFJ",NA,1800,NA,1,46.3023,6,4,6.849
"20140813T111916","small",10,NA,30,3,6,"BNP",0,1800,46.3023,1,46.3023,4,6,0.1
"20140813T111916","small",10,NA,30,3,6,"BNP",1,1800,46.3023,0,46.3023,4,6,0.003
"20140813T111945","small",10,NA,30,1,2,"DFJ",NA,1800,NA,1,48.7401,7,3,0.059
"20140813T111945","small",10,NA,30,1,2,"BNP",0,1800,48.7401,1,48.7401,5,5,0.134
"20140813T111945","small",10,NA,30,1,2,"BNP",1,1800,48.7401,0,48.7401,5,5,0.003
"20140813T111945","small",10,NA,30,1,4,"DFJ",NA,1800,NA,1,48.7401,6,4,0.087
"20140813T111945","small",10,NA,30,1,4,"BNP",0,1800,48.7401,1,48.7401,5,5,0.196
"20140813T111945","small",10,NA,30,1,4,"BNP",1,1800,48.7401,0,48.7401,5,5,0.003
"20140813T111945","small",10,NA,30,1,6,"DFJ",NA,1800,NA,1,48.7401,5,5,0.083
"20140813T111945","small",10,NA,30,1,6,"BNP",0,1800,48.7401,1,48.7401,4,6,0.232
"20140813T111945","small",10,NA,30,1,6,"BNP",1,1800,48.7401,0,48.7401,4,6,0.004
"20140813T111945","small",10,NA,30,2,2,"DFJ",NA,1800,NA,1,44.522,5,5,0.591
"20140813T111945","small",10,NA,30,2,2,"BNP",0,1800,44.522,1,44.522,7,3,0.113
"20140813T111945","small",10,NA,30,2,2,"BNP",1,1800,44.522,0,44.522,7,3,0.002
"20140813T111945","small",10,NA,30,2,4,"DFJ",NA,1800,NA,1,44.522,6,4,1.006
"20140813T111945","small",10,NA,30,2,4,"BNP",0,1800,44.522,1,44.522,5,5,0.123
"20140813T111945","small",10,NA,30,2,4,"BNP",1,1800,44.522,0,44.522,5,5,0.003
"20140813T111945","small",10,NA,30,2,6,"DFJ",NA,1800,NA,1,44.522,7,3,0.63
"20140813T111945","small",10,NA,30,2,6,"BNP",0,1800,44.522,1,44.522,4,6,0.105
"20140813T111945","small",10,NA,30,2,6,"BNP",1,1800,44.522,0,44.522,4,6,0.003
"20140813T111945","small",10,NA,30,3,2,"DFJ",NA,1800,NA,1,44.522,8,2,4.816
"20140813T111945","small",10,NA,30,3,2,"BNP",0,1800,44.522,1,44.522,7,3,0.076
"20140813T111945","small",10,NA,30,3,2,"BNP",1,1800,44.522,0,44.522,7,3,0.002
"20140813T111945","small",10,NA,30,3,4,"DFJ",NA,1800,NA,1,44.522,9,1,6.098
"20140813T111945","small",10,NA,30,3,4,"BNP",0,1800,44.522,1,44.522,6,4,0.074
"20140813T111945","small",10,NA,30,3,4,"BNP",1,1800,44.522,0,44.522,6,4,0.003
"20140813T111945","small",10,NA,30,3,6,"DFJ",NA,1800,NA,1,44.522,8,2,6.139
"20140813T111945","small",10,NA,30,3,6,"BNP",0,1800,44.522,1,44.522,5,5,0.092
"20140813T111945","small",10,NA,30,3,6,"BNP",1,1800,44.522,0,44.522,5,5,0.002
"20140813T111952","small",10,NA,30,1,2,"DFJ",NA,1800,NA,1,52.4337,3,7,0.033
"20140813T111952","small",10,NA,30,1,2,"BNP",0,1800,52.4337,1,52.4337,4,6,0.141
"20140813T111952","small",10,NA,30,1,2,"BNP",1,1800,52.4337,0,52.4337,4,6,0.003
"20140813T111952","small",10,NA,30,1,4,"DFJ",NA,1800,NA,1,52.4337,3,7,0.076
"20140813T111952","small",10,NA,30,1,4,"BNP",0,1800,52.4337,1,52.4337,4,6,0.068
"20140813T111952","small",10,NA,30,1,4,"BNP",1,1800,52.4337,0,52.4337,4,6,0.003
"20140813T111952","small",10,NA,30,1,6,"DFJ",NA,1800,NA,1,52.4337,4,6,0.054
"20140813T111952","small",10,NA,30,1,6,"BNP",0,1800,52.4337,1,52.4337,3,7,0.064
"20140813T111952","small",10,NA,30,1,6,"BNP",1,1800,52.4337,0,52.4337,3,7,0.003
"20140813T111952","small",10,NA,30,2,2,"DFJ",NA,1800,NA,1,50.0337,7,3,0.325
"20140813T111952","small",10,NA,30,2,2,"BNP",0,1800,52.4337,1,50.0337,3,7,11.369
"20140813T111952","small",10,NA,30,2,2,"BNP",1,1800,52.4337,0,50.0337,3,7,0.039
"20140813T111952","small",10,NA,30,2,4,"DFJ",NA,1800,NA,1,50.0337,7,3,0.432
"20140813T111952","small",10,NA,30,2,4,"BNP",0,1800,52.2737,1,50.0337,4,6,12.767
"20140813T111952","small",10,NA,30,2,4,"BNP",1,1800,52.2737,0,50.0337,4,6,0.064
"20140813T111952","small",10,NA,30,2,6,"DFJ",NA,1800,NA,1,50.0337,8,2,0.25
"20140813T111952","small",10,NA,30,2,6,"BNP",0,1800,52.4337,1,50.0337,3,8,16.479
"20140813T111952","small",10,NA,30,2,6,"BNP",1,1800,52.4337,0,50.0337,3,8,0.024
"20140813T111952","small",10,NA,30,3,2,"DFJ",NA,1800,NA,1,49.8737,7,3,1.033
"20140813T111952","small",10,NA,30,3,2,"BNP",0,1800,50.0337,1,49.8737,5,5,0.276
"20140813T111952","small",10,NA,30,3,2,"BNP",1,1800,50.0337,0,49.8737,5,5,0.004
"20140813T111952","small",10,NA,30,3,4,"DFJ",NA,1800,NA,1,49.8737,4,6,1.157
"20140813T111952","small",10,NA,30,3,4,"BNP",0,1800,50.0337,1,49.8737,6,4,0.047
"20140813T111952","small",10,NA,30,3,4,"BNP",1,1800,50.0337,0,49.8737,6,4,0.003
"20140813T111952","small",10,NA,30,3,6,"DFJ",NA,1800,NA,1,49.8737,6,4,0.442
"20140813T111952","small",10,NA,30,3,6,"BNP",0,1800,50.0337,1,49.8737,4,6,0.419
"20140813T111952","small",10,NA,30,3,6,"BNP",1,1800,50.0337,0,49.8737,4,6,0.012
"20140813T111956","small",10,NA,30,1,2,"DFJ",NA,1800,NA,1,67.9113,4,6,0.128
"20140813T111956","small",10,NA,30,1,2,"BNP",0,1800,86.8631,1,67.9113,5,5,0.097
"20140813T111956","small",10,NA,30,1,2,"BNP",1,1800,86.8631,0,67.9113,5,5,0.004
"20140813T111956","small",10,NA,30,1,4,"DFJ",NA,1800,NA,1,67.9113,4,6,0.042
"20140813T111956","small",10,NA,30,1,4,"BNP",0,1800,67.9113,1,67.9113,4,6,0.073
"20140813T111956","small",10,NA,30,1,4,"BNP",1,1800,67.9113,0,67.9113,4,6,0.003
"20140813T111956","small",10,NA,30,1,6,"DFJ",NA,1800,NA,1,67.9113,3,7,0.051
"20140813T111956","small",10,NA,30,1,6,"BNP",0,1800,67.9113,1,67.9113,4,6,0.065
"20140813T111956","small",10,NA,30,1,6,"BNP",1,1800,67.9113,0,67.9113,4,6,0.003
"20140813T111956","small",10,NA,30,2,2,"DFJ",NA,1800,NA,1,67.9113,6,4,0.586
"20140813T111956","small",10,NA,30,2,2,"BNP",0,1800,67.9113,1,67.9113,6,4,0.107
"20140813T111956","small",10,NA,30,2,2,"BNP",1,1800,67.9113,0,67.9113,6,4,0.003
"20140813T111956","small",10,NA,30,2,4,"DFJ",NA,1800,NA,1,67.9113,3,7,0.761
"20140813T111956","small",10,NA,30,2,4,"BNP",0,1800,67.9113,1,67.9113,5,5,0.108
"20140813T111956","small",10,NA,30,2,4,"BNP",1,1800,67.9113,0,67.9113,5,5,0.003
"20140813T111956","small",10,NA,30,2,6,"DFJ",NA,1800,NA,1,67.9113,4,6,0.529
"20140813T111956","small",10,NA,30,2,6,"BNP",0,1800,67.9113,1,67.9113,4,6,0.08
"20140813T111956","small",10,NA,30,2,6,"BNP",1,1800,67.9113,0,67.9113,4,6,0.002
"20140813T111956","small",10,NA,30,3,2,"DFJ",NA,1800,NA,1,67.9113,8,2,2.689
"20140813T111956","small",10,NA,30,3,2,"BNP",0,1800,67.9113,1,67.9113,7,3,0.085
"20140813T111956","small",10,NA,30,3,2,"BNP",1,1800,67.9113,0,67.9113,7,3,0.002
"20140813T111956","small",10,NA,30,3,4,"DFJ",NA,1800,NA,1,67.9113,9,1,1.134
"20140813T111956","small",10,NA,30,3,4,"BNP",0,1800,67.9113,1,67.9113,6,4,0.094
"20140813T111956","small",10,NA,30,3,4,"BNP",1,1800,67.9113,0,67.9113,6,4,0.002
"20140813T111956","small",10,NA,30,3,6,"DFJ",NA,1800,NA,1,67.9113,7,3,2.179
"20140813T111956","small",10,NA,30,3,6,"BNP",0,1800,67.9113,1,67.9113,5,5,0.093
"20140813T111956","small",10,NA,30,3,6,"BNP",1,1800,67.9113,0,67.9113,5,5,0.002
"20140813T124853","small",20,NA,30,1,2,"DFJ",NA,1800,NA,1,234.213,18,2,0.225
"20140813T124853","small",20,NA,30,1,2,"BNP",0,1800,240.453,0,234.213,17,6,1200.088
"20140813T124853","small",20,NA,30,1,2,"BNP",1,1800,240.453,0,239.493,20,0,0.033
"20140813T124853","small",20,NA,30,1,4,"DFJ",NA,1800,NA,1,234.213,17,3,0.087
"20140813T124853","small",20,NA,30,1,4,"BNP",0,1800,263.282,0,234.213,17,6,1200.217
"20140813T124853","small",20,NA,30,1,4,"BNP",1,1800,263.282,0,239.013,19,5,0.032
"20140813T124853","small",20,NA,30,1,6,"DFJ",NA,1800,NA,1,234.213,18,2,0.107
"20140813T124853","small",20,NA,30,1,6,"BNP",0,1800,263.282,0,234.213,17,6,1200.146
"20140813T124853","small",20,NA,30,1,6,"BNP",1,1800,263.282,0,234.693,19,5,0.043
"20140813T124853","small",20,NA,30,2,2,"DFJ",NA,1800,NA,1,139.68,17,3,346.24
"20140813T124853","small",20,NA,30,2,2,"BNP",0,1800,166.94,0,139.68,20,3,1200.186
"20140813T124853","small",20,NA,30,2,2,"BNP",1,1800,166.94,0,139.68,18,4,0.641
"20140813T124853","small",20,NA,30,2,4,"DFJ",NA,1800,NA,1,139.68,19,1,301.088
"20140813T124853","small",20,NA,30,2,4,"BNP",0,1800,167.838,0,139.68,20,0,1200.117
"20140813T124853","small",20,NA,30,2,4,"BNP",1,1800,167.838,0,139.68,18,3,0.412
"20140813T124853","small",20,NA,30,2,6,"DFJ",NA,1800,NA,1,139.68,18,2,330.718
"20140813T124853","small",20,NA,30,2,6,"BNP",0,1800,167.838,0,139.68,19,9,1200.253
"20140813T124853","small",20,NA,30,2,6,"BNP",1,1800,167.838,0,139.68,20,1,0.523
"20140813T124853","small",20,NA,30,3,2,"DFJ",NA,1800,NA,0,111.022,18,2,1800.02
"20140813T124853","small",20,NA,30,3,2,"BNP",0,1800,147.099,0,111.022,18,3,1200.062
"20140813T124853","small",20,NA,30,3,2,"BNP",1,1800,147.099,0,111.022,17,5,1201.428
"20140813T124853","small",20,NA,30,3,4,"DFJ",NA,1800,NA,0,111.022,18,2,1800.01
"20140813T124853","small",20,NA,30,3,4,"BNP",0,1800,139.173,0,111.022,18,3,1200.086
"20140813T124853","small",20,NA,30,3,4,"BNP",1,1800,139.173,0,111.022,17,3,141.944
"20140813T124853","small",20,NA,30,3,6,"DFJ",NA,1800,NA,0,111.022,19,1,1800.01
"20140813T124853","small",20,NA,30,3,6,"BNP",0,1800,139.173,0,111.022,18,2,1200.234
"20140813T124853","small",20,NA,30,3,6,"BNP",1,1800,139.173,0,111.022,18,2,318.078
"20140813T124909","small",20,NA,30,1,2,"DFJ",NA,1800,NA,1,222.965,16,4,0.097
"20140813T124909","small",20,NA,30,1,2,"BNP",0,1800,256.23,1,222.965,16,5,683.04
"20140813T124909","small",20,NA,30,1,2,"BNP",1,1800,256.23,0,229.78,19,3,0.022
"20140813T124909","small",20,NA,30,1,4,"DFJ",NA,1800,NA,1,222.965,16,4,0.154
"20140813T124909","small",20,NA,30,1,4,"BNP",0,1800,226.28,1,222.965,16,5,947.596
"20140813T124909","small",20,NA,30,1,4,"BNP",1,1800,226.28,0,226.28,16,4,0.017
"20140813T124909","small",20,NA,30,1,6,"DFJ",NA,1800,NA,1,222.965,16,4,0.132
"20140813T124909","small",20,NA,30,1,6,"BNP",0,1800,226.28,0,222.965,16,8,1200.036
"20140813T124909","small",20,NA,30,1,6,"BNP",1,1800,226.28,0,226.28,16,4,0.02
"20140813T124909","small",20,NA,30,2,2,"DFJ",NA,1800,NA,0,140.804,16,4,1800.01
"20140813T124909","small",20,NA,30,2,2,"BNP",0,1800,147.937,0,140.804,16,8,1200.22
"20140813T124909","small",20,NA,30,2,2,"BNP",1,1800,147.937,0,141.284,18,3,0.563
"20140813T124909","small",20,NA,30,2,4,"DFJ",NA,1800,NA,0,140.804,16,4,1800.02
"20140813T124909","small",20,NA,30,2,4,"BNP",0,1800,152.203,0,140.804,16,8,1200.226
"20140813T124909","small",20,NA,30,2,4,"BNP",1,1800,152.203,0,140.804,16,4,0.704
"20140813T124909","small",20,NA,30,2,6,"DFJ",NA,1800,NA,0,140.804,17,3,1800.01
"20140813T124909","small",20,NA,30,2,6,"BNP",0,1800,174.46,0,140.804,16,13,1200.192
"20140813T124909","small",20,NA,30,2,6,"BNP",1,1800,174.46,0,140.804,17,7,1.528
"20140813T124909","small",20,NA,30,3,2,"DFJ",NA,1800,NA,0,116.507,18,2,1800.01
"20140813T124909","small",20,NA,30,3,2,"BNP",0,1800,116.507,0,116.507,18,2,1200.384
"20140813T124909","small",20,NA,30,3,2,"BNP",1,1800,116.507,0,116.507,18,2,1201.545
"20140813T124909","small",20,NA,30,3,4,"DFJ",NA,1800,NA,0,116.507,19,1,1800.01
"20140813T124909","small",20,NA,30,3,4,"BNP",0,1800,116.507,0,116.507,16,4,1200.297
"20140813T124909","small",20,NA,30,3,4,"BNP",1,1800,116.507,0,116.507,16,4,1202.506
"20140813T124909","small",20,NA,30,3,6,"DFJ",NA,1800,NA,0,116.507,17,3,1800.01
"20140813T124909","small",20,NA,30,3,6,"BNP",0,1800,116.507,0,116.507,16,4,1200.387
"20140813T124909","small",20,NA,30,3,6,"BNP",1,1800,116.507,0,116.507,16,4,1202.362
"20140813T124912","small",20,NA,30,1,2,"DFJ",NA,1800,NA,1,265.987,16,4,0.227
"20140813T124912","small",20,NA,30,1,2,"BNP",0,1800,272.248,0,265.987,16,8,1200.065
"20140813T124912","small",20,NA,30,1,2,"BNP",1,1800,272.248,0,268.309,19,1,0.019
"20140813T124912","small",20,NA,30,1,4,"DFJ",NA,1800,NA,1,265.987,16,4,0.127
"20140813T124912","small",20,NA,30,1,4,"BNP",0,1800,272.248,1,265.987,16,4,607.305
"20140813T124912","small",20,NA,30,1,4,"BNP",1,1800,272.248,0,272.248,17,3,0.014
"20140813T124912","small",20,NA,30,1,6,"DFJ",NA,1800,NA,1,265.987,16,4,0.177
"20140813T124912","small",20,NA,30,1,6,"BNP",0,1800,272.248,0,265.987,16,8,1200.077
"20140813T124912","small",20,NA,30,1,6,"BNP",1,1800,272.248,0,272.248,17,3,0.025
"20140813T124912","small",20,NA,30,2,2,"DFJ",NA,1800,NA,0,170.404,18,2,1800.01
"20140813T124912","small",20,NA,30,2,2,"BNP",0,1800,189.107,0,170.404,17,4,1200.091
"20140813T124912","small",20,NA,30,2,2,"BNP",1,1800,189.107,0,170.404,18,3,336.781
"20140813T124912","small",20,NA,30,2,4,"DFJ",NA,1800,NA,0,170.404,17,3,1800.02
"20140813T124912","small",20,NA,30,2,4,"BNP",0,1800,184.804,0,170.404,16,4,1200.074
"20140813T124912","small",20,NA,30,2,4,"BNP",1,1800,184.804,0,170.404,16,5,1.62
"20140813T124912","small",20,NA,30,2,6,"DFJ",NA,1800,NA,0,170.404,17,3,1800.01
"20140813T124912","small",20,NA,30,2,6,"BNP",0,1800,184.804,0,170.404,16,4,1200.058
"20140813T124912","small",20,NA,30,2,6,"BNP",1,1800,184.804,0,170.404,17,4,2.436
"20140813T124912","small",20,NA,30,3,2,"DFJ",NA,1800,NA,0,122.91,16,4,1800.01
"20140813T124912","small",20,NA,30,3,2,"BNP",0,1800,164.806,0,122.91,17,3,1200.122
"20140813T124912","small",20,NA,30,3,2,"BNP",1,1800,164.806,0,122.91,16,5,1201.707
"20140813T124912","small",20,NA,30,3,4,"DFJ",NA,1800,NA,0,122.91,18,2,1800.01
"20140813T124912","small",20,NA,30,3,4,"BNP",0,1800,157.122,0,122.91,18,3,1200.083
"20140813T124912","small",20,NA,30,3,4,"BNP",1,1800,157.122,0,122.91,17,6,1202.177
"20140813T124912","small",20,NA,30,3,6,"DFJ",NA,1800,NA,0,122.91,20,0,1800
"20140813T124912","small",20,NA,30,3,6,"BNP",0,1800,157.122,0,122.91,17,4,1200.059
"20140813T124912","small",20,NA,30,3,6,"BNP",1,1800,157.122,0,122.91,17,4,1202.566
"20140813T124920","small",20,NA,30,1,2,"DFJ",NA,1800,NA,1,174.474,18,2,0.12
"20140813T124920","small",20,NA,30,1,2,"BNP",0,1800,182.748,0,174.474,17,8,1200.114
"20140813T124920","small",20,NA,30,1,2,"BNP",1,1800,182.748,0,175.775,20,0,0.017
"20140813T124920","small",20,NA,30,1,4,"DFJ",NA,1800,NA,1,174.474,18,2,0.109
"20140813T124920","small",20,NA,30,1,4,"BNP",0,1800,185.189,0,174.474,18,12,1200.065
"20140813T124920","small",20,NA,30,1,4,"BNP",1,1800,185.189,0,175.775,20,2,0.029
"20140813T124920","small",20,NA,30,1,6,"DFJ",NA,1800,NA,1,174.474,16,4,0.14
"20140813T124920","small",20,NA,30,1,6,"BNP",0,1800,185.189,1,174.474,18,2,352.614
"20140813T124920","small",20,NA,30,1,6,"BNP",1,1800,185.189,0,184.415,20,0,0.013
"20140813T124920","small",20,NA,30,2,2,"DFJ",NA,1800,NA,0,118.87,17,3,1800.05
"20140813T124920","small",20,NA,30,2,2,"BNP",0,1800,139.444,0,118.87,19,1,1200.204
"20140813T124920","small",20,NA,30,2,2,"BNP",1,1800,139.444,0,118.87,19,3,0.049
"20140813T124920","small",20,NA,30,2,4,"DFJ",NA,1800,NA,0,118.87,19,1,1800.06
"20140813T124920","small",20,NA,30,2,4,"BNP",0,1800,132.424,0,118.87,19,2,1200.076
"20140813T124920","small",20,NA,30,2,4,"BNP",1,1800,132.424,0,118.87,17,3,0.035
"20140813T124920","small",20,NA,30,2,6,"DFJ",NA,1800,NA,0,118.87,18,2,1800.05
"20140813T124920","small",20,NA,30,2,6,"BNP",0,1800,132.424,0,122.196,17,3,1200.291
"20140813T124920","small",20,NA,30,2,6,"BNP",1,1800,132.424,0,125.29,18,4,0.026
"20140813T124920","small",20,NA,30,3,2,"DFJ",NA,1800,NA,0,117.91,17,3,1800.11
"20140813T124920","small",20,NA,30,3,2,"BNP",0,1800,123.794,0,119.67,18,3,1200.077
"20140813T124920","small",20,NA,30,3,2,"BNP",1,1800,123.794,0,117.91,16,4,0.071
"20140813T124920","small",20,NA,30,3,4,"DFJ",NA,1800,NA,0,117.91,19,1,1800.08
"20140813T124920","small",20,NA,30,3,4,"BNP",0,1800,118.39,0,118.39,16,4,1200.081
"20140813T124920","small",20,NA,30,3,4,"BNP",1,1800,118.39,0,117.91,17,4,0.111
"20140813T124920","small",20,NA,30,3,6,"DFJ",NA,1800,NA,0,117.91,19,1,1800.12
"20140813T124920","small",20,NA,30,3,6,"BNP",0,1800,118.39,0,118.39,16,4,1200.151
"20140813T124920","small",20,NA,30,3,6,"BNP",1,1800,118.39,0,117.91,17,3,0.046
"20140813T124928","small",20,NA,30,1,2,"DFJ",NA,1800,NA,1,153.567,16,4,0.056
"20140813T124928","small",20,NA,30,1,2,"BNP",0,1800,183.345,0,153.567,17,8,1200.085
"20140813T124928","small",20,NA,30,1,2,"BNP",1,1800,183.345,0,155.347,17,3,0.054
"20140813T124928","small",20,NA,30,1,4,"DFJ",NA,1800,NA,1,153.567,16,4,0.072
"20140813T124928","small",20,NA,30,1,4,"BNP",0,1800,159.263,0,153.567,17,12,1200.064
"20140813T124928","small",20,NA,30,1,4,"BNP",1,1800,159.263,0,153.567,17,6,0.018
"20140813T124928","small",20,NA,30,1,6,"DFJ",NA,1800,NA,1,153.567,16,4,0.051
"20140813T124928","small",20,NA,30,1,6,"BNP",0,1800,159.263,0,153.567,17,8,1200.054
"20140813T124928","small",20,NA,30,1,6,"BNP",1,1800,159.263,0,153.567,17,3,0.021
"20140813T124928","small",20,NA,30,2,2,"DFJ",NA,1800,NA,0,106.927,16,4,1800.12
"20140813T124928","small",20,NA,30,2,2,"BNP",0,1800,117.959,0,106.927,17,4,1200.079
"20140813T124928","small",20,NA,30,2,2,"BNP",1,1800,117.959,0,106.927,17,3,0.061
"20140813T124928","small",20,NA,30,2,4,"DFJ",NA,1800,NA,0,106.927,17,3,1800.06
"20140813T124928","small",20,NA,30,2,4,"BNP",0,1800,121.249,0,106.927,17,4,1200.18
"20140813T124928","small",20,NA,30,2,4,"BNP",1,1800,121.249,0,106.927,18,2,0.158
"20140813T124928","small",20,NA,30,2,6,"DFJ",NA,1800,NA,0,110.64,16,4,1800.09
"20140813T124928","small",20,NA,30,2,6,"BNP",0,1800,121.249,0,106.927,17,4,1200.122
"20140813T124928","small",20,NA,30,2,6,"BNP",1,1800,121.249,0,106.927,16,5,0.374
"20140813T124928","small",20,NA,30,3,2,"DFJ",NA,1800,NA,0,102.431,16,4,1800.12
"20140813T124928","small",20,NA,30,3,2,"BNP",0,1800,117.959,0,101.471,17,4,1200.09
"20140813T124928","small",20,NA,30,3,2,"BNP",1,1800,117.959,0,101.471,17,3,1203.15
"20140813T124928","small",20,NA,30,3,4,"DFJ",NA,1800,NA,0,101.471,16,4,1800.07
"20140813T124928","small",20,NA,30,3,4,"BNP",0,1800,125.951,0,101.471,18,12,1200.066
"20140813T124928","small",20,NA,30,3,4,"BNP",1,1800,125.951,0,101.471,17,5,1203.361
"20140813T124928","small",20,NA,30,3,6,"DFJ",NA,1800,NA,0,101.471,16,4,1800.15
"20140813T124928","small",20,NA,30,3,6,"BNP",0,1800,125.951,0,101.471,16,4,1200.076
"20140813T124928","small",20,NA,30,3,6,"BNP",1,1800,125.951,0,101.471,17,3,1203.613
"20140813T124941","small",20,NA,30,1,2,"DFJ",NA,1800,NA,1,254.766,18,2,0.171
"20140813T124941","small",20,NA,30,1,2,"BNP",0,1800,282.828,0,255.658,18,8,1200.01
"20140813T124941","small",20,NA,30,1,2,"BNP",1,1800,282.828,0,260.68,20,1,0.018
"20140813T124941","small",20,NA,30,1,4,"DFJ",NA,1800,NA,1,254.766,16,4,0.27
"20140813T124941","small",20,NA,30,1,4,"BNP",0,1800,277.508,0,254.766,17,12,1200.017
"20140813T124941","small",20,NA,30,1,4,"BNP",1,1800,277.508,0,258.058,19,3,0.029
"20140813T124941","small",20,NA,30,1,6,"DFJ",NA,1800,NA,1,254.766,17,3,0.098
"20140813T124941","small",20,NA,30,1,6,"BNP",0,1800,277.508,0,254.766,17,8,1200.085
"20140813T124941","small",20,NA,30,1,6,"BNP",1,1800,277.508,0,266.249,20,8,0.035
"20140813T124941","small",20,NA,30,2,2,"DFJ",NA,1800,NA,1,152.745,17,3,43.293
"20140813T124941","small",20,NA,30,2,2,"BNP",0,1800,163.212,0,152.745,19,4,1200.192
"20140813T124941","small",20,NA,30,2,2,"BNP",1,1800,163.212,0,152.745,20,3,0.285
"20140813T124941","small",20,NA,30,2,4,"DFJ",NA,1800,NA,1,152.745,19,1,112.824
"20140813T124941","small",20,NA,30,2,4,"BNP",0,1800,163.212,0,152.745,18,3,1200.067
"20140813T124941","small",20,NA,30,2,4,"BNP",1,1800,163.212,0,152.745,19,3,0.196
"20140813T124941","small",20,NA,30,2,6,"DFJ",NA,1800,NA,1,152.745,18,2,78.225
"20140813T124941","small",20,NA,30,2,6,"BNP",0,1800,163.212,0,152.745,19,4,1200.124
"20140813T124941","small",20,NA,30,2,6,"BNP",1,1800,163.212,0,152.745,17,6,0.231
"20140813T124941","small",20,NA,30,3,2,"DFJ",NA,1800,NA,0,143.826,18,2,1800.01
"20140813T124941","small",20,NA,30,3,2,"BNP",0,1800,150.817,1,143.826,17,5,16.135
"20140813T124941","small",20,NA,30,3,2,"BNP",1,1800,150.817,0,143.826,18,3,1.594
"20140813T124941","small",20,NA,30,3,4,"DFJ",NA,1800,NA,0,143.826,20,0,1800.01
"20140813T124941","small",20,NA,30,3,4,"BNP",0,1800,150.817,1,143.826,19,3,34.243
"20140813T124941","small",20,NA,30,3,4,"BNP",1,1800,150.817,0,143.826,19,3,0.208
"20140813T124941","small",20,NA,30,3,6,"DFJ",NA,1800,NA,0,143.826,18,2,1800.01
"20140813T124941","small",20,NA,30,3,6,"BNP",0,1800,150.817,1,143.826,16,5,24.578
"20140813T124941","small",20,NA,30,3,6,"BNP",1,1800,150.817,0,143.826,17,6,57.201
"20140813T125001","small",20,NA,30,1,2,"DFJ",NA,1800,NA,1,123.466,14,6,2.14
"20140813T125001","small",20,NA,30,1,2,"BNP",0,1800,145.516,0,123.466,14,6,1200.135
"20140813T125001","small",20,NA,30,1,2,"BNP",1,1800,145.516,0,128.426,13,8,0.041
"20140813T125001","small",20,NA,30,1,4,"DFJ",NA,1800,NA,1,123.466,14,6,1.961
"20140813T125001","small",20,NA,30,1,4,"BNP",0,1800,145.516,0,123.466,14,7,1200.086
"20140813T125001","small",20,NA,30,1,4,"BNP",1,1800,145.516,0,123.466,14,6,0.049
"20140813T125001","small",20,NA,30,1,6,"DFJ",NA,1800,NA,1,123.466,14,6,1.311
"20140813T125001","small",20,NA,30,1,6,"BNP",0,1800,137.854,0,123.466,13,7,1200.195
"20140813T125001","small",20,NA,30,1,6,"BNP",1,1800,137.854,0,137.854,13,7,0.013
"20140813T125001","small",20,NA,30,2,2,"DFJ",NA,1800,NA,0,87.0037,16,4,1800.02
"20140813T125001","small",20,NA,30,2,2,"BNP",0,1800,90.4745,0,87.6094,16,6,1200.113
"20140813T125001","small",20,NA,30,2,2,"BNP",1,1800,90.4745,0,87.0037,14,6,1201.237
"20140813T125001","small",20,NA,30,2,4,"DFJ",NA,1800,NA,0,87.0037,14,6,1800.03
"20140813T125001","small",20,NA,30,2,4,"BNP",0,1800,95.0125,0,88.0765,20,6,1200.092
"20140813T125001","small",20,NA,30,2,4,"BNP",1,1800,95.0125,0,87.0037,17,7,1201.692
"20140813T125001","small",20,NA,30,2,6,"DFJ",NA,1800,NA,0,87.0037,15,5,1800.04
"20140813T125001","small",20,NA,30,2,6,"BNP",0,1800,90.4745,0,87.6094,14,7,1200.21
"20140813T125001","small",20,NA,30,2,6,"BNP",1,1800,90.4745,0,87.0037,17,9,1202.073
"20140813T125001","small",20,NA,30,3,2,"DFJ",NA,1800,NA,0,74.8437,17,3,1800.04
"20140813T125001","small",20,NA,30,3,2,"BNP",0,1800,77.8108,0,73.3855,15,5,1200.119
"20140813T125001","small",20,NA,30,3,2,"BNP",1,1800,77.8108,0,73.3855,15,5,1200.796
"20140813T125001","small",20,NA,30,3,4,"DFJ",NA,1800,NA,0,74.8437,17,3,1800.01
"20140813T125001","small",20,NA,30,3,4,"BNP",0,1800,74.8437,0,73.3855,15,7,1200.144
"20140813T125001","small",20,NA,30,3,4,"BNP",1,1800,74.8437,0,73.3855,15,5,1201.273
"20140813T125001","small",20,NA,30,3,6,"DFJ",NA,1800,NA,0,74.8437,18,2,1800.06
"20140813T125001","small",20,NA,30,3,6,"BNP",0,1800,73.9784,0,73.3855,15,7,1200.04
"20140813T125001","small",20,NA,30,3,6,"BNP",1,1800,73.9784,0,73.3855,13,10,1200.825
"20140813T125008","small",20,NA,30,1,2,"DFJ",NA,1800,NA,1,159.021,13,7,1.968
"20140813T125008","small",20,NA,30,1,2,"BNP",0,1800,179.809,0,159.021,15,5,1200.063
"20140813T125008","small",20,NA,30,1,2,"BNP",1,1800,179.809,0,159.021,15,8,0.024
"20140813T125008","small",20,NA,30,1,4,"DFJ",NA,1800,NA,1,159.021,13,7,1.325
"20140813T125008","small",20,NA,30,1,4,"BNP",0,1800,159.021,0,159.021,13,7,1200.063
"20140813T125008","small",20,NA,30,1,4,"BNP",1,1800,159.021,0,159.021,13,7,0.027
"20140813T125008","small",20,NA,30,1,6,"DFJ",NA,1800,NA,1,159.021,15,5,0.822
"20140813T125008","small",20,NA,30,1,6,"BNP",0,1800,175.879,1,159.021,14,9,134.142
"20140813T125008","small",20,NA,30,1,6,"BNP",1,1800,175.879,0,164.138,19,6,0.016
"20140813T125008","small",20,NA,30,2,2,"DFJ",NA,1800,NA,0,109.116,17,3,1800.01
"20140813T125008","small",20,NA,30,2,2,"BNP",0,1800,131.85,0,109.127,13,7,1200.05
"20140813T125008","small",20,NA,30,2,2,"BNP",1,1800,131.85,0,109.116,15,5,1201.143
"20140813T125008","small",20,NA,30,2,4,"DFJ",NA,1800,NA,0,109.116,15,5,1800.02
"20140813T125008","small",20,NA,30,2,4,"BNP",0,1800,121.72,0,109.127,12,8,1200.046
"20140813T125008","small",20,NA,30,2,4,"BNP",1,1800,121.72,0,109.116,12,8,1201.26
"20140813T125008","small",20,NA,30,2,6,"DFJ",NA,1800,NA,0,109.116,14,6,1800.01
"20140813T125008","small",20,NA,30,2,6,"BNP",0,1800,122.155,0,109.116,13,7,1200.067
"20140813T125008","small",20,NA,30,2,6,"BNP",1,1800,122.155,0,109.116,13,9,1201.317
"20140813T125008","small",20,NA,30,3,2,"DFJ",NA,1800,NA,0,74.3261,15,5,1800
"20140813T125008","small",20,NA,30,3,2,"BNP",0,1800,114.49,0,74.3261,16,4,1200.038
"20140813T125008","small",20,NA,30,3,2,"BNP",1,1800,114.49,0,74.3261,15,5,1201.096
"20140813T125008","small",20,NA,30,3,4,"DFJ",NA,1800,NA,0,74.3261,12,8,1800.01
"20140813T125008","small",20,NA,30,3,4,"BNP",0,1800,115.437,0,74.3261,14,8,1200.029
"20140813T125008","small",20,NA,30,3,4,"BNP",1,1800,115.437,0,74.3261,12,9,226.762
"20140813T125008","small",20,NA,30,3,6,"DFJ",NA,1800,NA,0,74.3261,13,7,1800.08
"20140813T125008","small",20,NA,30,3,6,"BNP",0,1800,100.875,0,74.3261,13,7,1200.025
"20140813T125008","small",20,NA,30,3,6,"BNP",1,1800,100.875,0,74.3261,13,7,470.211
"20140813T125039","small",20,NA,30,1,2,"DFJ",NA,1800,NA,1,122.882,14,6,0.205
"20140813T125039","small",20,NA,30,1,2,"BNP",0,1800,123.114,0,122.882,13,7,1200.094
"20140813T125039","small",20,NA,30,1,2,"BNP",1,1800,123.114,0,123.114,15,5,0.011
"20140813T125039","small",20,NA,30,1,4,"DFJ",NA,1800,NA,1,122.882,14,6,0.135
"20140813T125039","small",20,NA,30,1,4,"BNP",0,1800,123.114,0,122.882,15,6,1200.084
"20140813T125039","small",20,NA,30,1,4,"BNP",1,1800,123.114,0,122.882,15,6,0.026
"20140813T125039","small",20,NA,30,1,6,"DFJ",NA,1800,NA,1,122.882,14,6,0.196
"20140813T125039","small",20,NA,30,1,6,"BNP",0,1800,123.114,0,122.882,14,6,1200.164
"20140813T125039","small",20,NA,30,1,6,"BNP",1,1800,123.114,0,123.114,13,7,0.019
"20140813T125039","small",20,NA,30,2,2,"DFJ",NA,1800,NA,0,89.9426,15,5,1800.02
"20140813T125039","small",20,NA,30,2,2,"BNP",0,1800,101.312,0,89.9426,15,6,1200.086
"20140813T125039","small",20,NA,30,2,2,"BNP",1,1800,101.312,0,89.9426,13,7,0.133
"20140813T125039","small",20,NA,30,2,4,"DFJ",NA,1800,NA,0,89.9426,17,3,1800.04
"20140813T125039","small",20,NA,30,2,4,"BNP",0,1800,100.624,0,89.9426,16,7,1200.322
"20140813T125039","small",20,NA,30,2,4,"BNP",1,1800,100.624,0,89.9426,16,8,0.369
"20140813T125039","small",20,NA,30,2,6,"DFJ",NA,1800,NA,0,89.9426,16,4,1800.03
"20140813T125039","small",20,NA,30,2,6,"BNP",0,1800,95.3651,0,89.9426,16,7,1200.107
"20140813T125039","small",20,NA,30,2,6,"BNP",1,1800,95.3651,0,90.4226,14,11,0.931
"20140813T125039","small",20,NA,30,3,2,"DFJ",NA,1800,NA,0,82.2444,17,3,1800.06
"20140813T125039","small",20,NA,30,3,2,"BNP",0,1800,85.1244,0,83.1236,16,5,1200.117
"20140813T125039","small",20,NA,30,3,2,"BNP",1,1800,85.1244,0,81.7644,16,4,1201.146
"20140813T125039","small",20,NA,30,3,4,"DFJ",NA,1800,NA,0,81.8467,15,5,1800.12
"20140813T125039","small",20,NA,30,3,4,"BNP",0,1800,100.624,0,82.2444,15,8,1200.138
"20140813T125039","small",20,NA,30,3,4,"BNP",1,1800,100.624,0,81.7644,13,7,1201.383
"20140813T125039","small",20,NA,30,3,6,"DFJ",NA,1800,NA,0,82.726,17,3,1800.08
"20140813T125039","small",20,NA,30,3,6,"BNP",0,1800,83.2044,0,82.3211,13,8,1200.11
"20140813T125039","small",20,NA,30,3,6,"BNP",1,1800,83.2044,0,81.7644,14,11,1201.504
"20140813T125051","small",20,NA,30,1,2,"DFJ",NA,1800,NA,1,175.09,14,6,3.852
"20140813T125051","small",20,NA,30,1,2,"BNP",0,1800,191.389,0,175.09,14,14,1200.598
"20140813T125051","small",20,NA,30,1,2,"BNP",1,1800,191.389,0,187.244,20,0,0.026
"20140813T125051","small",20,NA,30,1,4,"DFJ",NA,1800,NA,1,175.09,14,6,3.163
"20140813T125051","small",20,NA,30,1,4,"BNP",0,1800,189.261,0,175.09,13,21,1200.074
"20140813T125051","small",20,NA,30,1,4,"BNP",1,1800,189.261,0,182.934,19,3,0.015
"20140813T125051","small",20,NA,30,1,6,"DFJ",NA,1800,NA,1,175.09,13,7,2.624
"20140813T125051","small",20,NA,30,1,6,"BNP",0,1800,189.261,0,175.09,14,14,1200.174
"20140813T125051","small",20,NA,30,1,6,"BNP",1,1800,189.261,0,184.802,19,10,0.02
"20140813T125051","small",20,NA,30,2,2,"DFJ",NA,1800,NA,1,103.885,15,5,333.204
"20140813T125051","small",20,NA,30,2,2,"BNP",0,1800,105.2,0,103.885,16,4,1200.101
"20140813T125051","small",20,NA,30,2,2,"BNP",1,1800,105.2,0,103.885,14,6,0.08
"20140813T125051","small",20,NA,30,2,4,"DFJ",NA,1800,NA,1,103.885,15,5,326.163
"20140813T125051","small",20,NA,30,2,4,"BNP",0,1800,110.96,0,103.885,15,5,1200.05
"20140813T125051","small",20,NA,30,2,4,"BNP",1,1800,110.96,0,103.885,15,5,0.073
"20140813T125051","small",20,NA,30,2,6,"DFJ",NA,1800,NA,1,103.885,16,4,148.954
"20140813T125051","small",20,NA,30,2,6,"BNP",0,1800,121.669,0,103.885,14,6,1200.036
"20140813T125051","small",20,NA,30,2,6,"BNP",1,1800,121.669,0,103.885,14,6,0.021
"20140813T125051","small",20,NA,30,3,2,"DFJ",NA,1800,NA,0,103.405,18,2,1800.01
"20140813T125051","small",20,NA,30,3,2,"BNP",0,1800,103.885,0,103.405,14,7,1200.024
"20140813T125051","small",20,NA,30,3,2,"BNP",1,1800,103.885,0,103.405,15,8,0.085
"20140813T125051","small",20,NA,30,3,4,"DFJ",NA,1800,NA,0,103.405,14,6,1800.02
"20140813T125051","small",20,NA,30,3,4,"BNP",0,1800,103.885,1,103.405,13,9,1133.99
"20140813T125051","small",20,NA,30,3,4,"BNP",1,1800,103.885,0,103.405,13,11,0.094
"20140813T125051","small",20,NA,30,3,6,"DFJ",NA,1800,NA,0,103.405,15,5,1800.05
"20140813T125051","small",20,NA,30,3,6,"BNP",0,1800,103.885,1,103.405,15,6,552.217
"20140813T125051","small",20,NA,30,3,6,"BNP",1,1800,103.885,0,103.405,15,6,0.055
"20140813T125053","small",20,NA,30,1,2,"DFJ",NA,1800,NA,1,171.633,15,5,1.374
"20140813T125053","small",20,NA,30,1,2,"BNP",0,1800,185.149,0,171.633,15,12,1200.074
"20140813T125053","small",20,NA,30,1,2,"BNP",1,1800,185.149,0,179.926,18,5,0.02
"20140813T125053","small",20,NA,30,1,4,"DFJ",NA,1800,NA,1,171.633,15,5,1.005
"20140813T125053","small",20,NA,30,1,4,"BNP",0,1800,183.329,0,171.633,15,18,1200.136
"20140813T125053","small",20,NA,30,1,4,"BNP",1,1800,183.329,0,178.285,19,3,0.025
"20140813T125053","small",20,NA,30,1,6,"DFJ",NA,1800,NA,1,171.633,15,5,2.008
"20140813T125053","small",20,NA,30,1,6,"BNP",0,1800,183.329,0,171.633,16,12,1200.084
"20140813T125053","small",20,NA,30,1,6,"BNP",1,1800,183.329,0,179.593,18,3,0.024
"20140813T125053","small",20,NA,30,2,2,"DFJ",NA,1800,NA,0,108.053,17,3,1800.01
"20140813T125053","small",20,NA,30,2,2,"BNP",0,1800,112.643,0,108.053,18,2,1200.157
"20140813T125053","small",20,NA,30,2,2,"BNP",1,1800,112.643,0,108.053,19,8,0.06
"20140813T125053","small",20,NA,30,2,4,"DFJ",NA,1800,NA,0,108.053,17,3,1800
"20140813T125053","small",20,NA,30,2,4,"BNP",0,1800,110.823,0,108.053,17,4,1200.072
"20140813T125053","small",20,NA,30,2,4,"BNP",1,1800,110.823,0,108.053,20,11,0.184
"20140813T125053","small",20,NA,30,2,6,"DFJ",NA,1800,NA,0,108.053,17,3,1800.03
"20140813T125053","small",20,NA,30,2,6,"BNP",0,1800,110.823,0,108.053,18,2,1200.06
"20140813T125053","small",20,NA,30,2,6,"BNP",1,1800,110.823,0,108.053,17,5,0.052
"20140813T125053","small",20,NA,30,3,2,"DFJ",NA,1800,NA,0,99.4028,18,2,1800.01
"20140813T125053","small",20,NA,30,3,2,"BNP",0,1800,112.643,0,99.4028,15,6,1201.089
"20140813T125053","small",20,NA,30,3,2,"BNP",1,1800,112.643,0,103.881,19,5,1201.141
"20140813T125053","small",20,NA,30,3,4,"DFJ",NA,1800,NA,0,99.4028,15,5,1800.01
"20140813T125053","small",20,NA,30,3,4,"BNP",0,1800,109.294,1,99.4028,20,7,22.924
"20140813T125053","small",20,NA,30,3,4,"BNP",1,1800,109.294,0,99.4028,17,9,0.043
"20140813T125053","small",20,NA,30,3,6,"DFJ",NA,1800,NA,0,99.4028,18,2,1800.01
"20140813T125053","small",20,NA,30,3,6,"BNP",0,1800,109.294,1,99.4028,16,6,33.508
"20140813T125053","small",20,NA,30,3,6,"BNP",1,1800,109.294,0,99.4028,14,9,1.345
"20140813T125136","small",20,NA,30,1,2,"DFJ",NA,1800,NA,1,83.3869,12,8,6.668
"20140813T125136","small",20,NA,30,1,2,"BNP",0,1800,88.3601,0,83.4344,12,8,1200.066
"20140813T125136","small",20,NA,30,1,2,"BNP",1,1800,88.3601,0,83.3869,12,8,8.382
"20140813T125136","small",20,NA,30,1,4,"DFJ",NA,1800,NA,1,83.3869,11,9,4.893
"20140813T125136","small",20,NA,30,1,4,"BNP",0,1800,86.6605,0,83.3869,11,9,1200.083
"20140813T125136","small",20,NA,30,1,4,"BNP",1,1800,86.6605,0,86.6605,12,8,0.015
"20140813T125136","small",20,NA,30,1,6,"DFJ",NA,1800,NA,1,83.3869,10,10,4.805
"20140813T125136","small",20,NA,30,1,6,"BNP",0,1800,83.3869,0,83.3869,11,9,1200.123
"20140813T125136","small",20,NA,30,1,6,"BNP",1,1800,83.3869,0,83.3869,11,9,0.011
"20140813T125136","small",20,NA,30,2,2,"DFJ",NA,1800,NA,0,68.8148,14,6,1800.09
"20140813T125136","small",20,NA,30,2,2,"BNP",0,1800,81.9554,0,68.8148,15,5,1200.092
"20140813T125136","small",20,NA,30,2,2,"BNP",1,1800,81.9554,0,68.8148,13,7,0.131
"20140813T125136","small",20,NA,30,2,4,"DFJ",NA,1800,NA,0,68.8148,13,7,1800.07
"20140813T125136","small",20,NA,30,2,4,"BNP",0,1800,73.861,0,68.8148,12,9,1200.162
"20140813T125136","small",20,NA,30,2,4,"BNP",1,1800,73.861,0,68.8148,10,11,0.141
"20140813T125136","small",20,NA,30,2,6,"DFJ",NA,1800,NA,0,70.1237,12,8,1800.14
"20140813T125136","small",20,NA,30,2,6,"BNP",0,1800,73.2587,0,68.8148,17,6,1200.085
"20140813T125136","small",20,NA,30,2,6,"BNP",1,1800,73.2587,0,71.4224,15,5,0.026
"20140813T125136","small",20,NA,30,3,2,"DFJ",NA,1800,NA,0,67.6948,16,4,1800.2
"20140813T125136","small",20,NA,30,3,2,"BNP",0,1800,74.3861,0,67.4551,14,6,1200.145
"20140813T125136","small",20,NA,30,3,2,"BNP",1,1800,74.3861,0,67.4551,14,6,1200.452
"20140813T125136","small",20,NA,30,3,4,"DFJ",NA,1800,NA,0,67.4551,17,3,1800.11
"20140813T125136","small",20,NA,30,3,4,"BNP",0,1800,73.2587,0,67.4551,12,8,1200.195
"20140813T125136","small",20,NA,30,3,4,"BNP",1,1800,73.2587,0,67.4551,10,11,1200.452
"20140813T125136","small",20,NA,30,3,6,"DFJ",NA,1800,NA,0,67.4551,13,7,1800.16
"20140813T125136","small",20,NA,30,3,6,"BNP",0,1800,68.9821,0,67.4551,13,9,1200.096
"20140813T125136","small",20,NA,30,3,6,"BNP",1,1800,68.9821,0,67.4551,12,8,1200.549
"20140813T125138","small",20,NA,30,1,2,"DFJ",NA,1800,NA,1,76.5903,13,7,4.439
"20140813T125138","small",20,NA,30,1,2,"BNP",0,1800,82.5392,0,76.5903,15,5,1200.086
"20140813T125138","small",20,NA,30,1,2,"BNP",1,1800,82.5392,0,76.9103,15,5,0.029
"20140813T125138","small",20,NA,30,1,4,"DFJ",NA,1800,NA,1,76.5903,13,7,4.089
"20140813T125138","small",20,NA,30,1,4,"BNP",0,1800,80.4303,0,76.5903,14,6,1200.124
"20140813T125138","small",20,NA,30,1,4,"BNP",1,1800,80.4303,0,76.9103,15,8,0.034
"20140813T125138","small",20,NA,30,1,6,"DFJ",NA,1800,NA,1,76.5903,13,7,8.517
"20140813T125138","small",20,NA,30,1,6,"BNP",0,1800,80.4303,0,76.5903,14,7,1200.133
"20140813T125138","small",20,NA,30,1,6,"BNP",1,1800,80.4303,0,77.0703,16,8,0.014
"20140813T125138","small",20,NA,30,2,2,"DFJ",NA,1800,NA,0,70.6703,15,5,1800.02
"20140813T125138","small",20,NA,30,2,2,"BNP",0,1800,70.2217,0,70.2217,16,4,1200.133
"20140813T125138","small",20,NA,30,2,2,"BNP",1,1800,70.2217,0,70.2217,16,4,0.008
"20140813T125138","small",20,NA,30,2,4,"DFJ",NA,1800,NA,0,70.6703,13,7,1800.17
"20140813T125138","small",20,NA,30,2,4,"BNP",0,1800,70.2217,0,70.2217,15,5,1200.082
"20140813T125138","small",20,NA,30,2,4,"BNP",1,1800,70.2217,0,70.2217,15,5,0.007
"20140813T125138","small",20,NA,30,2,6,"DFJ",NA,1800,NA,0,70.6703,15,5,1800.15
"20140813T125138","small",20,NA,30,2,6,"BNP",0,1800,70.2217,0,70.2217,13,7,1200.085
"20140813T125138","small",20,NA,30,2,6,"BNP",1,1800,70.2217,0,70.2217,13,7,0.028
"20140813T125138","small",20,NA,30,3,2,"DFJ",NA,1800,NA,0,70.2217,17,3,1800.11
"20140813T125138","small",20,NA,30,3,2,"BNP",0,1800,70.2217,0,70.2217,16,4,1200.162
"20140813T125138","small",20,NA,30,3,2,"BNP",1,1800,70.2217,0,70.2217,16,4,0.021
"20140813T125138","small",20,NA,30,3,4,"DFJ",NA,1800,NA,0,70.2217,14,6,1800.08
"20140813T125138","small",20,NA,30,3,4,"BNP",0,1800,70.2217,0,70.2217,15,5,1200.082
"20140813T125138","small",20,NA,30,3,4,"BNP",1,1800,70.2217,0,70.2217,15,5,0.02
"20140813T125138","small",20,NA,30,3,6,"DFJ",NA,1800,NA,0,70.2217,15,5,1800.27
"20140813T125138","small",20,NA,30,3,6,"BNP",0,1800,70.2217,0,70.2217,13,7,1200.083
"20140813T125138","small",20,NA,30,3,6,"BNP",1,1800,70.2217,0,70.2217,13,7,0.008
"20140813T125141","small",20,NA,30,1,2,"DFJ",NA,1800,NA,1,70.5415,12,8,0.97
"20140813T125141","small",20,NA,30,1,2,"BNP",0,1800,83.5407,0,70.5415,12,8,1200.043
"20140813T125141","small",20,NA,30,1,2,"BNP",1,1800,83.5407,0,70.8207,12,8,7.613
"20140813T125141","small",20,NA,30,1,4,"DFJ",NA,1800,NA,1,70.5415,11,9,0.676
"20140813T125141","small",20,NA,30,1,4,"BNP",0,1800,76.252,0,70.5415,11,9,1200.053
"20140813T125141","small",20,NA,30,1,4,"BNP",1,1800,76.252,0,70.9544,13,8,0.037
"20140813T125141","small",20,NA,30,1,6,"DFJ",NA,1800,NA,1,70.5415,10,10,0.706
"20140813T125141","small",20,NA,30,1,6,"BNP",0,1800,76.252,1,70.5415,10,10,555.705
"20140813T125141","small",20,NA,30,1,6,"BNP",1,1800,76.252,0,71.7807,13,8,0.013
"20140813T125141","small",20,NA,30,2,2,"DFJ",NA,1800,NA,0,65.2207,13,7,1800.07
"20140813T125141","small",20,NA,30,2,2,"BNP",0,1800,67.3415,0,64.9415,13,7,1200.145
"20140813T125141","small",20,NA,30,2,2,"BNP",1,1800,67.3415,0,64.9415,13,7,1.015
"20140813T125141","small",20,NA,30,2,4,"DFJ",NA,1800,NA,0,64.9415,11,9,1800.07
"20140813T125141","small",20,NA,30,2,4,"BNP",0,1800,75.9005,0,64.9415,9,12,1200.039
"20140813T125141","small",20,NA,30,2,4,"BNP",1,1800,75.9005,0,64.9415,9,11,0.038
"20140813T125141","small",20,NA,30,2,6,"DFJ",NA,1800,NA,0,64.9415,9,11,1800.06
"20140813T125141","small",20,NA,30,2,6,"BNP",0,1800,73.3405,0,66.6607,12,10,1200.088
"20140813T125141","small",20,NA,30,2,6,"BNP",1,1800,73.3405,0,64.9415,9,15,0.024
"20140813T125141","small",20,NA,30,3,2,"DFJ",NA,1800,NA,0,64.9415,13,7,1800.06
"20140813T125141","small",20,NA,30,3,2,"BNP",0,1800,67.3415,0,64.9415,13,8,1200.024
"20140813T125141","small",20,NA,30,3,2,"BNP",1,1800,67.3415,0,64.9415,13,7,0.017
"20140813T125141","small",20,NA,30,3,4,"DFJ",NA,1800,NA,0,64.9415,13,7,1800.01
"20140813T125141","small",20,NA,30,3,4,"BNP",0,1800,72.111,0,69.2615,11,11,1200.083
"20140813T125141","small",20,NA,30,3,4,"BNP",1,1800,72.111,0,64.9415,9,11,0.051
"20140813T125141","small",20,NA,30,3,6,"DFJ",NA,1800,NA,0,64.9415,13,7,1800.03
"20140813T125141","small",20,NA,30,3,6,"BNP",0,1800,68.3015,0,66.2679,13,10,1200.154
"20140813T125141","small",20,NA,30,3,6,"BNP",1,1800,68.3015,0,64.9415,11,11,0.033
"20140813T125143","small",20,NA,30,1,2,"DFJ",NA,1800,NA,1,76.6395,12,8,1.003
"20140813T125143","small",20,NA,30,1,2,"BNP",0,1800,78.8588,0,76.6395,11,9,1200.032
"20140813T125143","small",20,NA,30,1,2,"BNP",1,1800,78.8588,0,77.7595,13,8,0.01
"20140813T125143","small",20,NA,30,1,4,"DFJ",NA,1800,NA,1,76.6395,11,9,1.031
"20140813T125143","small",20,NA,30,1,4,"BNP",0,1800,78.2395,0,76.6395,13,8,1200.042
"20140813T125143","small",20,NA,30,1,4,"BNP",1,1800,78.2395,0,76.6395,13,7,0.011
"20140813T125143","small",20,NA,30,1,6,"DFJ",NA,1800,NA,1,76.6395,11,9,1.729
"20140813T125143","small",20,NA,30,1,6,"BNP",0,1800,78.2395,0,76.6395,13,7,1200.063
"20140813T125143","small",20,NA,30,1,6,"BNP",1,1800,78.2395,0,76.6395,13,11,0.021
"20140813T125143","small",20,NA,30,2,2,"DFJ",NA,1800,NA,0,68.6395,15,5,1800.08
"20140813T125143","small",20,NA,30,2,2,"BNP",0,1800,70.6148,0,68.6395,12,8,1200.055
"20140813T125143","small",20,NA,30,2,2,"BNP",1,1800,70.6148,0,68.6395,13,7,0.021
"20140813T125143","small",20,NA,30,2,4,"DFJ",NA,1800,NA,0,68.6395,12,8,1800.03
"20140813T125143","small",20,NA,30,2,4,"BNP",0,1800,70.4258,0,68.6395,14,6,1200.036
"20140813T125143","small",20,NA,30,2,4,"BNP",1,1800,70.4258,0,68.6395,13,7,0.017
"20140813T125143","small",20,NA,30,2,6,"DFJ",NA,1800,NA,0,68.6395,13,7,1800.08
"20140813T125143","small",20,NA,30,2,6,"BNP",0,1800,71.0395,0,68.6395,14,7,1200.074
"20140813T125143","small",20,NA,30,2,6,"BNP",1,1800,71.0395,0,68.6395,15,9,0.033
"20140813T125143","small",20,NA,30,3,2,"DFJ",NA,1800,NA,0,68.2148,15,5,1800.07
"20140813T125143","small",20,NA,30,3,2,"BNP",0,1800,71.0395,0,68.2148,16,4,1200.053
"20140813T125143","small",20,NA,30,3,2,"BNP",1,1800,71.0395,0,68.2148,16,7,0.03
"20140813T125143","small",20,NA,30,3,4,"DFJ",NA,1800,NA,0,68.2148,15,5,1800.09
"20140813T125143","small",20,NA,30,3,4,"BNP",0,1800,68.9595,0,68.9595,14,6,1200.1
"20140813T125143","small",20,NA,30,3,4,"BNP",1,1800,68.9595,0,68.2148,10,11,0.05
"20140813T125143","small",20,NA,30,3,6,"DFJ",NA,1800,NA,0,68.2148,13,7,1800.04
"20140813T125143","small",20,NA,30,3,6,"BNP",0,1800,71.0395,0,68.5348,13,7,1200.031
"20140813T125143","small",20,NA,30,3,6,"BNP",1,1800,71.0395,0,68.2148,10,10,0.053
"20140813T125152","small",20,NA,30,1,2,"DFJ",NA,1800,NA,1,72.932,12,8,30.784
"20140813T125152","small",20,NA,30,1,2,"BNP",0,1800,82.0144,0,73.092,13,8,1200.055
"20140813T125152","small",20,NA,30,1,2,"BNP",1,1800,82.0144,0,74.052,13,7,0.052
"20140813T125152","small",20,NA,30,1,4,"DFJ",NA,1800,NA,1,72.932,10,10,38.351
"20140813T125152","small",20,NA,30,1,4,"BNP",0,1800,92.3243,0,72.932,10,11,1200.073
"20140813T125152","small",20,NA,30,1,4,"BNP",1,1800,92.3243,0,73.092,13,9,0.028
"20140813T125152","small",20,NA,30,1,6,"DFJ",NA,1800,NA,1,72.932,10,10,38.089
"20140813T125152","small",20,NA,30,1,6,"BNP",0,1800,78.9394,0,72.932,10,10,1200.243
"20140813T125152","small",20,NA,30,1,6,"BNP",1,1800,78.9394,0,78.9394,11,9,0.01
"20140813T125152","small",20,NA,30,2,2,"DFJ",NA,1800,NA,0,67.172,17,3,1800.09
"20140813T125152","small",20,NA,30,2,2,"BNP",0,1800,74.6781,0,65.252,13,7,1200.091
"20140813T125152","small",20,NA,30,2,2,"BNP",1,1800,74.6781,0,65.252,14,6,0.065
"20140813T125152","small",20,NA,30,2,4,"DFJ",NA,1800,NA,0,66.852,11,9,1803.41
"20140813T125152","small",20,NA,30,2,4,"BNP",0,1800,74.6362,0,65.252,13,7,1200.087
"20140813T125152","small",20,NA,30,2,4,"BNP",1,1800,74.6362,0,65.252,14,6,0.027
"20140813T125152","small",20,NA,30,2,6,"DFJ",NA,1800,NA,0,67.172,14,6,1812.04
"20140813T125152","small",20,NA,30,2,6,"BNP",0,1800,72.5539,0,65.252,11,9,1200.102
"20140813T125152","small",20,NA,30,2,6,"BNP",1,1800,72.5539,0,65.252,11,11,0.078
"20140813T125152","small",20,NA,30,3,2,"DFJ",NA,1800,NA,0,65.252,17,3,1800.11
"20140813T125152","small",20,NA,30,3,2,"BNP",0,1800,72.2218,0,64.7511,15,6,1200.081
"20140813T125152","small",20,NA,30,3,2,"BNP",1,1800,72.2218,0,64.7511,15,5,1201.016
"20140813T125152","small",20,NA,30,3,4,"DFJ",NA,1800,NA,0,65.1377,11,9,1800.08
"20140813T125152","small",20,NA,30,3,4,"BNP",0,1800,71.3806,0,64.3121,14,6,1200.135
"20140813T125152","small",20,NA,30,3,4,"BNP",1,1800,71.3806,0,64.3121,12,11,0.135
"20140813T125152","small",20,NA,30,3,6,"DFJ",NA,1800,NA,0,65.0194,13,7,1800.08
"20140813T125152","small",20,NA,30,3,6,"BNP",0,1800,68.7302,0,64.7921,13,9,1200.084
"20140813T125152","small",20,NA,30,3,6,"BNP",1,1800,68.7302,0,64.3121,10,10,0.099
"20140813T125201","small",20,NA,30,1,2,"DFJ",NA,1800,NA,1,137.816,12,8,12.642
"20140813T125201","small",20,NA,30,1,2,"BNP",0,1800,160.718,0,137.816,11,10,1200.103
"20140813T125201","small",20,NA,30,1,2,"BNP",1,1800,160.718,0,138.409,14,8,0.013
"20140813T125201","small",20,NA,30,1,4,"DFJ",NA,1800,NA,1,137.816,11,9,22.317
"20140813T125201","small",20,NA,30,1,4,"BNP",0,1800,153.354,0,137.816,13,7,1200.094
"20140813T125201","small",20,NA,30,1,4,"BNP",1,1800,153.354,0,141.849,15,8,0.032
"20140813T125201","small",20,NA,30,1,6,"DFJ",NA,1800,NA,1,137.816,12,8,17.818
"20140813T125201","small",20,NA,30,1,6,"BNP",0,1800,140.233,0,137.816,12,9,1200.083
"20140813T125201","small",20,NA,30,1,6,"BNP",1,1800,140.233,0,140.233,12,8,0.011
"20140813T125201","small",20,NA,30,2,2,"DFJ",NA,1800,NA,0,86.4462,12,8,1800.01
"20140813T125201","small",20,NA,30,2,2,"BNP",0,1800,89.6419,0,87.0445,12,8,1200.048
"20140813T125201","small",20,NA,30,2,2,"BNP",1,1800,89.6419,0,86.4462,13,7,0.141
"20140813T125201","small",20,NA,30,2,4,"DFJ",NA,1800,NA,0,86.4462,11,9,1800.01
"20140813T125201","small",20,NA,30,2,4,"BNP",0,1800,88.4594,0,86.4462,12,9,1200.061
"20140813T125201","small",20,NA,30,2,4,"BNP",1,1800,88.4594,0,86.4462,11,9,0.019
"20140813T125201","small",20,NA,30,2,6,"DFJ",NA,1800,NA,0,86.4462,11,9,1800.01
"20140813T125201","small",20,NA,30,2,6,"BNP",0,1800,86.4462,0,86.4462,12,8,1200.117
"20140813T125201","small",20,NA,30,2,6,"BNP",1,1800,86.4462,0,86.4462,12,8,0.01
"20140813T125201","small",20,NA,30,3,2,"DFJ",NA,1800,NA,0,81.1662,15,5,1800.01
"20140813T125201","small",20,NA,30,3,2,"BNP",0,1800,86.4462,0,81.1662,13,7,1200.043
"20140813T125201","small",20,NA,30,3,2,"BNP",1,1800,86.4462,0,81.1662,13,7,0.039
"20140813T125201","small",20,NA,30,3,4,"DFJ",NA,1800,NA,0,81.1662,13,7,1800.07
"20140813T125201","small",20,NA,30,3,4,"BNP",0,1800,86.5394,0,81.1662,16,9,1200.056
"20140813T125201","small",20,NA,30,3,4,"BNP",1,1800,86.5394,0,81.1662,13,8,0.099
"20140813T125201","small",20,NA,30,3,6,"DFJ",NA,1800,NA,0,81.1662,14,6,1800.06
"20140813T125201","small",20,NA,30,3,6,"BNP",0,1800,84.6023,0,81.1662,13,8,1200.029
"20140813T125201","small",20,NA,30,3,6,"BNP",1,1800,84.6023,0,81.1662,13,8,0.024
"20140813T125214","small",20,NA,30,1,2,"DFJ",NA,1800,NA,1,125.735,11,9,38.024
"20140813T125214","small",20,NA,30,1,2,"BNP",0,1800,128.295,0,125.735,13,7,1200.114
"20140813T125214","small",20,NA,30,1,2,"BNP",1,1800,128.295,0,128.295,14,6,0.036
"20140813T125214","small",20,NA,30,1,4,"DFJ",NA,1800,NA,1,125.735,13,7,58.869
"20140813T125214","small",20,NA,30,1,4,"BNP",0,1800,127.41,0,125.735,12,9,1200.173
"20140813T125214","small",20,NA,30,1,4,"BNP",1,1800,127.41,0,127.41,13,7,0.015
"20140813T125214","small",20,NA,30,1,6,"DFJ",NA,1800,NA,1,125.735,12,8,53.749
"20140813T125214","small",20,NA,30,1,6,"BNP",0,1800,127.175,0,125.735,13,7,1200.194
"20140813T125214","small",20,NA,30,1,6,"BNP",1,1800,127.175,0,127.175,12,8,0.009
"20140813T125214","small",20,NA,30,2,2,"DFJ",NA,1800,NA,1,72.0247,12,8,1617.84
"20140813T125214","small",20,NA,30,2,2,"BNP",0,1800,104.825,0,72.0247,13,8,1200.064
"20140813T125214","small",20,NA,30,2,2,"BNP",1,1800,104.825,0,72.0247,12,8,1.162
"20140813T125214","small",20,NA,30,2,4,"DFJ",NA,1800,NA,0,72.0247,14,6,1800
"20140813T125214","small",20,NA,30,2,4,"BNP",0,1800,100.985,0,72.0247,12,9,1200.128
"20140813T125214","small",20,NA,30,2,4,"BNP",1,1800,100.985,0,72.0247,11,9,0.853
"20140813T125214","small",20,NA,30,2,6,"DFJ",NA,1800,NA,0,72.0247,12,8,1800.01
"20140813T125214","small",20,NA,30,2,6,"BNP",0,1800,115.876,0,72.0247,12,9,1200.153
"20140813T125214","small",20,NA,30,2,6,"BNP",1,1800,115.876,0,72.0247,14,14,0.039
"20140813T125214","small",20,NA,30,3,2,"DFJ",NA,1800,NA,0,70.5847,14,6,1800.01
"20140813T125214","small",20,NA,30,3,2,"BNP",0,1800,103.76,0,70.5847,13,7,1200.118
"20140813T125214","small",20,NA,30,3,2,"BNP",1,1800,103.76,0,70.5847,14,6,1201.17
"20140813T125214","small",20,NA,30,3,4,"DFJ",NA,1800,NA,0,70.5847,13,7,1800.01
"20140813T125214","small",20,NA,30,3,4,"BNP",0,1800,100.985,0,70.8304,12,8,1200.089
"20140813T125214","small",20,NA,30,3,4,"BNP",1,1800,100.985,0,70.5847,12,15,1202.143
"20140813T125214","small",20,NA,30,3,6,"DFJ",NA,1800,NA,0,70.5847,14,6,1800.03
"20140813T125214","small",20,NA,30,3,6,"BNP",0,1800,88.1865,0,70.8304,12,8,1200.076
"20140813T125214","small",20,NA,30,3,6,"BNP",1,1800,88.1865,0,70.5847,14,7,1201.389
"20140813T125233","small",20,NA,30,1,2,"DFJ",NA,1800,NA,1,101.221,12,8,156.08
"20140813T125233","small",20,NA,30,1,2,"BNP",0,1800,103.577,0,102.671,13,7,1200.034
"20140813T125233","small",20,NA,30,1,2,"BNP",1,1800,103.577,0,103.031,13,7,0.396
"20140813T125233","small",20,NA,30,1,4,"DFJ",NA,1800,NA,1,95.3552,8,12,6.894
"20140813T125233","small",20,NA,30,1,4,"BNP",0,1800,106.485,1,95.3552,7,13,50.945
"20140813T125233","small",20,NA,30,1,4,"BNP",1,1800,106.485,0,96.1167,10,14,0.017
"20140813T125233","small",20,NA,30,1,6,"DFJ",NA,1800,NA,1,95.3552,6,14,4.341
"20140813T125233","small",20,NA,30,1,6,"BNP",0,1800,95.3552,1,95.3552,7,13,52.97
"20140813T125233","small",20,NA,30,1,6,"BNP",1,1800,95.3552,0,95.3552,7,13,0.012
"20140813T125233","small",20,NA,30,2,2,"DFJ",NA,1800,NA,0,66.1508,14,6,1800.01
"20140813T125233","small",20,NA,30,2,2,"BNP",0,1800,90.67,0,66.1508,14,6,1200.192
"20140813T125233","small",20,NA,30,2,2,"BNP",1,1800,90.67,0,66.883,14,6,56.37
"20140813T125233","small",20,NA,30,2,4,"DFJ",NA,1800,NA,0,65.0719,10,10,1800.01
"20140813T125233","small",20,NA,30,2,4,"BNP",0,1800,69.0608,0,65.0719,10,10,1200.281
"20140813T125233","small",20,NA,30,2,4,"BNP",1,1800,69.0608,0,65.0719,11,9,1200.479
"20140813T125233","small",20,NA,30,2,6,"DFJ",NA,1800,NA,0,65.0718,9,11,1800.01
"20140813T125233","small",20,NA,30,2,6,"BNP",0,1800,65.0719,0,65.0719,8,12,1200.092
"20140813T125233","small",20,NA,30,2,6,"BNP",1,1800,65.0719,0,65.0719,8,12,160.451
"20140813T125233","small",20,NA,30,3,2,"DFJ",NA,1800,NA,0,53.9293,16,4,1800.01
"20140813T125233","small",20,NA,30,3,2,"BNP",0,1800,77.4477,0,53.7661,16,4,1200.309
"20140813T125233","small",20,NA,30,3,2,"BNP",1,1800,77.4477,0,56.0015,16,4,1200.286
"20140813T125233","small",20,NA,30,3,4,"DFJ",NA,1800,NA,0,49.1735,13,7,1800.01
"20140813T125233","small",20,NA,30,3,4,"BNP",0,1800,64.3483,0,51.9254,12,8,1200.135
"20140813T125233","small",20,NA,30,3,4,"BNP",1,1800,64.3483,0,51.9254,13,7,1200.237
"20140813T125233","small",20,NA,30,3,6,"DFJ",NA,1800,NA,0,47.8723,12,8,1800.02
"20140813T125233","small",20,NA,30,3,6,"BNP",0,1800,60.4894,0,49.5681,11,9,1200.052
"20140813T125233","small",20,NA,30,3,6,"BNP",1,1800,60.4894,0,49.5681,11,9,1200.068
"20140813T125242","small",20,NA,30,1,2,"DFJ",NA,1800,NA,1,66.0701,10,10,1.138
"20140813T125242","small",20,NA,30,1,2,"BNP",0,1800,89.7112,0,66.0701,10,10,1200.038
"20140813T125242","small",20,NA,30,1,2,"BNP",1,1800,89.7112,0,67.691,10,10,11.925
"20140813T125242","small",20,NA,30,1,4,"DFJ",NA,1800,NA,1,63.8301,7,13,0.221
"20140813T125242","small",20,NA,30,1,4,"BNP",0,1800,67.7227,1,63.8301,6,15,558.007
"20140813T125242","small",20,NA,30,1,4,"BNP",1,1800,67.7227,0,67.7227,11,9,0.014
"20140813T125242","small",20,NA,30,1,6,"DFJ",NA,1800,NA,1,63.8301,7,13,0.197
"20140813T125242","small",20,NA,30,1,6,"BNP",0,1800,66.2301,1,63.8301,8,13,787.861
"20140813T125242","small",20,NA,30,1,6,"BNP",1,1800,66.2301,0,63.8301,8,13,0.03
"20140813T125242","small",20,NA,30,2,2,"DFJ",NA,1800,NA,0,59.0987,14,6,1800.01
"20140813T125242","small",20,NA,30,2,2,"BNP",0,1800,67.7227,0,59.0987,17,8,1200.073
"20140813T125242","small",20,NA,30,2,2,"BNP",1,1800,67.7227,0,59.0987,14,6,1201.266
"20140813T125242","small",20,NA,30,2,4,"DFJ",NA,1800,NA,0,59.0987,12,8,1800.01
"20140813T125242","small",20,NA,30,2,4,"BNP",0,1800,65.0716,0,59.0987,6,14,1200.083
"20140813T125242","small",20,NA,30,2,4,"BNP",1,1800,65.0716,0,59.0987,7,14,1200.582
"20140813T125242","small",20,NA,30,2,6,"DFJ",NA,1800,NA,0,59.0987,12,8,1800.04
"20140813T125242","small",20,NA,30,2,6,"BNP",0,1800,61.4418,0,59.0987,6,14,1200.092
"20140813T125242","small",20,NA,30,2,6,"BNP",1,1800,61.4418,0,59.0987,6,14,1200.628
"20140813T125242","small",20,NA,30,3,2,"DFJ",NA,1800,NA,0,58.8499,17,3,1800.05
"20140813T125242","small",20,NA,30,3,2,"BNP",0,1800,63.9187,0,58.8499,16,5,1200.147
"20140813T125242","small",20,NA,30,3,2,"BNP",1,1800,63.9187,0,58.8499,15,5,0.852
"20140813T125242","small",20,NA,30,3,4,"DFJ",NA,1800,NA,0,58.8499,12,8,1800.06
"20140813T125242","small",20,NA,30,3,4,"BNP",0,1800,62.0163,1,58.8499,8,12,1160.64
"20140813T125242","small",20,NA,30,3,4,"BNP",1,1800,62.0163,0,58.8499,7,13,0.045
"20140813T125242","small",20,NA,30,3,6,"DFJ",NA,1800,NA,0,58.8499,12,8,1800.06
"20140813T125242","small",20,NA,30,3,6,"BNP",0,1800,59.1131,0,58.8499,7,13,1200.025
"20140813T125242","small",20,NA,30,3,6,"BNP",1,1800,59.1131,0,58.8499,7,13,0.034
"att48_0_80","large",48,2,NA,1,2,"DFJ",NA,3600,NA,0,29048,21,27,3600.04
"att48_0_80","large",48,2,NA,1,2,"BNP",0,3600,31482,0,28796,24,24,2400.298
"att48_0_80","large",48,2,NA,1,2,"BNP",1,3600,31482,0,28894,24,24,53.629
"att48_0_80","large",48,2,NA,1,4,"DFJ",NA,3600,NA,0,28784,17,31,3600.22
"att48_0_80","large",48,2,NA,1,4,"BNP",0,3600,32576,0,28610,15,33,2400.291
"att48_0_80","large",48,2,NA,1,4,"BNP",1,3600,32576,0,31008,32,38,0.309
"att48_0_80","large",48,2,NA,1,6,"DFJ",NA,3600,NA,0,28610,15,33,3600.19
"att48_0_80","large",48,2,NA,1,6,"BNP",0,3600,30708,0,28784,15,33,2400.201
"att48_0_80","large",48,2,NA,1,6,"BNP",1,3600,30708,0,30708,10,38,0.116
"att48_0_80","large",48,2,NA,2,2,"DFJ",NA,3600,NA,0,18206,31,17,3600.05
"att48_0_80","large",48,2,NA,2,2,"BNP",0,3600,23182,0,17032,34,14,2400.734
"att48_0_80","large",48,2,NA,2,2,"BNP",1,3600,23182,0,17056,33,15,2402.796
"att48_0_80","large",48,2,NA,2,4,"DFJ",NA,3600,NA,0,16730,21,27,3600.03
"att48_0_80","large",48,2,NA,2,4,"BNP",0,3600,25792,0,16500,24,24,2400.267
"att48_0_80","large",48,2,NA,2,4,"BNP",1,3600,25792,0,16500,21,27,29.431
"att48_0_80","large",48,2,NA,2,6,"DFJ",NA,3600,NA,0,16500,18,30,3600.01
"att48_0_80","large",48,2,NA,2,6,"BNP",0,3600,22132,0,16500,25,36,2400.184
"att48_0_80","large",48,2,NA,2,6,"BNP",1,3600,22132,0,16500,14,34,1.327
"att48_0_80","large",48,2,NA,3,2,"DFJ",NA,3600,NA,0,19824,31,17,3600.08
"att48_0_80","large",48,2,NA,3,2,"BNP",0,3600,17710,0,15218,37,12,2400.951
"att48_0_80","large",48,2,NA,3,2,"BNP",1,3600,17710,0,14062,38,10,2405.512
"att48_0_80","large",48,2,NA,3,4,"DFJ",NA,3600,NA,0,17194,22,26,3600.03
"att48_0_80","large",48,2,NA,3,4,"BNP",0,3600,17466,0,13394,26,24,2400.269
"att48_0_80","large",48,2,NA,3,4,"BNP",1,3600,17466,0,14652,28,21,2401.238
"att48_0_80","large",48,2,NA,3,6,"DFJ",NA,3600,NA,0,16226,18,30,3600.05
"att48_0_80","large",48,2,NA,3,6,"BNP",0,3600,16874,0,13756,27,24,2400.374
"att48_0_80","large",48,2,NA,3,6,"BNP",1,3600,16874,0,13394,22,29,2400.244
"berlin52_0_80","large",52,2,NA,1,2,"DFJ",NA,3600,NA,1,5290.65,21,31,7.263
"berlin52_0_80","large",52,2,NA,1,2,"BNP",0,3600,7400,0,5291.05,21,31,2400.519
"berlin52_0_80","large",52,2,NA,1,2,"BNP",1,3600,7400,0,5600,20,32,0.713
"berlin52_0_80","large",52,2,NA,1,4,"DFJ",NA,3600,NA,1,5190,15,37,7.691
"berlin52_0_80","large",52,2,NA,1,4,"BNP",0,3600,6360,0,5190,14,38,2400.32
"berlin52_0_80","large",52,2,NA,1,4,"BNP",1,3600,6360,0,6055,24,35,0.23
"berlin52_0_80","large",52,2,NA,1,6,"DFJ",NA,3600,NA,1,5190,13,39,8.653
"berlin52_0_80","large",52,2,NA,1,6,"BNP",0,3600,6270,0,5190,12,40,2400.297
"berlin52_0_80","large",52,2,NA,1,6,"BNP",1,3600,6270,0,5685,29,32,0.277
"berlin52_0_80","large",52,2,NA,2,2,"DFJ",NA,3600,NA,0,3328.22,35,17,3600.01
"berlin52_0_80","large",52,2,NA,2,2,"BNP",0,3600,5480,0,3415,39,13,2401.004
"berlin52_0_80","large",52,2,NA,2,2,"BNP",1,3600,5480,0,3415,36,16,2404.86
"berlin52_0_80","large",52,2,NA,2,4,"DFJ",NA,3600,NA,1,2995,21,31,1144.78
"berlin52_0_80","large",52,2,NA,2,4,"BNP",0,3600,4300,0,2995,29,23,2400.152
"berlin52_0_80","large",52,2,NA,2,4,"BNP",1,3600,4300,0,2995,25,27,0.429
"berlin52_0_80","large",52,2,NA,2,6,"DFJ",NA,3600,NA,1,2995,17,35,571.048
"berlin52_0_80","large",52,2,NA,2,6,"BNP",0,3600,4540,0,2995,25,27,2400.21
"berlin52_0_80","large",52,2,NA,2,6,"BNP",1,3600,4540,0,2995,14,44,10.783
"berlin52_0_80","large",52,2,NA,3,2,"DFJ",NA,3600,NA,0,3205,34,18,3600.04
"berlin52_0_80","large",52,2,NA,3,2,"BNP",0,3600,4050,0,3403.14,36,16,2402.36
"berlin52_0_80","large",52,2,NA,3,2,"BNP",1,3600,4050,0,2995,39,13,2405.93
"berlin52_0_80","large",52,2,NA,3,4,"DFJ",NA,3600,NA,0,2665,20,32,3600.04
"berlin52_0_80","large",52,2,NA,3,4,"BNP",0,3600,3250,0,2635,22,30,2400.46
"berlin52_0_80","large",52,2,NA,3,4,"BNP",1,3600,3250,0,2625,23,29,2401.052
"berlin52_0_80","large",52,2,NA,3,6,"DFJ",NA,3600,NA,0,2625,14,38,3600.01
"berlin52_0_80","large",52,2,NA,3,6,"BNP",0,3600,3215,0,2625,19,33,2400.308
"berlin52_0_80","large",52,2,NA,3,6,"BNP",1,3600,3215,0,2625,16,43,2404.322
"eil101_0_80","large",101,2,NA,1,2,"DFJ",NA,3600,NA,0,458.761,59,42,3600.06
"eil101_0_80","large",101,2,NA,1,2,"BNP",0,3600,588,0,498,60,41,2403.466
"eil101_0_80","large",101,2,NA,1,2,"BNP",1,3600,588,0,496,64,37,2424.466
"eil101_0_80","large",101,2,NA,1,4,"DFJ",NA,3600,NA,0,360,38,63,3600.02
"eil101_0_80","large",101,2,NA,1,4,"BNP",0,3600,568,0,358,41,60,2402.82
"eil101_0_80","large",101,2,NA,1,4,"BNP",1,3600,568,0,354,42,59,2404.529
"eil101_0_80","large",101,2,NA,1,6,"DFJ",NA,3600,NA,0,314,27,74,3600.03
"eil101_0_80","large",101,2,NA,1,6,"BNP",0,3600,438,0,320,26,75,2401.445
"eil101_0_80","large",101,2,NA,1,6,"BNP",1,3600,438,0,365,21,82,17.186
"eil101_0_80","large",101,2,NA,2,2,"DFJ",NA,3600,NA,0,392,71,30,3600.08
"eil101_0_80","large",101,2,NA,2,2,"BNP",0,3600,371,0,316,71,30,2409.746
"eil101_0_80","large",101,2,NA,2,2,"BNP",1,3600,371,0,305.36,73,28,2466.848
"eil101_0_80","large",101,2,NA,2,4,"DFJ",NA,3600,NA,0,408,55,46,3600.14
"eil101_0_80","large",101,2,NA,2,4,"BNP",0,3600,341,0,266.809,61,40,2406.882
"eil101_0_80","large",101,2,NA,2,4,"BNP",1,3600,341,0,253.674,59,42,2467.438
"eil101_0_80","large",101,2,NA,2,6,"DFJ",NA,3600,NA,0,320,45,56,3600.21
"eil101_0_80","large",101,2,NA,2,6,"BNP",0,3600,298,0,219,49,52,2404.498
"eil101_0_80","large",101,2,NA,2,6,"BNP",1,3600,298,0,215.268,48,53,3341.342
"eil101_0_80","large",101,2,NA,3,2,"BNP",0,3600,269.601,0,260,83,18,2409.022
"eil101_0_80","large",101,2,NA,3,2,"BNP",1,3600,269.601,0,235,83,18,2458.011
"eil101_0_80","large",101,2,NA,3,4,"BNP",0,3600,311,0,221,66,35,2411.479
"eil101_0_80","large",101,2,NA,3,4,"BNP",1,3600,311,0,200.061,70,31,2474.89
"eil101_0_80","large",101,2,NA,3,6,"BNP",0,3600,228,0,228,47,54,2406.074
"eil101_0_80","large",101,2,NA,3,6,"BNP",1,3600,228,0,181,57,44,2463.451
"gr120_0_80","large",120,2,NA,1,2,"DFJ",NA,3600,NA,0,1202.16,74,46,3600.02
"gr120_0_80","large",120,2,NA,1,2,"BNP",0,3600,1543,0,1263.12,75,45,2410.995
"gr120_0_80","large",120,2,NA,1,2,"BNP",1,3600,1543,0,1246.14,76,44,2448.118
"gr120_0_80","large",120,2,NA,1,4,"DFJ",NA,3600,NA,0,949,56,64,3600.03
"gr120_0_80","large",120,2,NA,1,4,"BNP",0,3600,1235.77,0,1005,60,60,2404.809
"gr120_0_80","large",120,2,NA,1,4,"BNP",1,3600,1235.77,0,1003,60,60,2432.596
"gr120_0_80","large",120,2,NA,1,6,"DFJ",NA,3600,NA,0,851.448,40,80,3600.01
"gr120_0_80","large",120,2,NA,1,6,"BNP",0,3600,976,0,889,51,69,2402.224
"gr120_0_80","large",120,2,NA,1,6,"BNP",1,3600,976,0,851.454,44,76,2428.607
"gr120_0_80","large",120,2,NA,2,2,"DFJ",NA,3600,NA,0,1145,84,36,3600.03
"gr120_0_80","large",120,2,NA,2,2,"BNP",0,3600,886.638,0,806.311,88,32,2406.095
"gr120_0_80","large",120,2,NA,2,2,"BNP",1,3600,886.638,0,764,93,27,2436.193
"gr120_0_80","large",120,2,NA,2,4,"DFJ",NA,3600,NA,0,1092,67,53,3600.18
"gr120_0_80","large",120,2,NA,2,4,"BNP",0,3600,818,0,676,78,42,2403.724
"gr120_0_80","large",120,2,NA,2,4,"BNP",1,3600,818,0,646,76,44,2458.452
"gr120_0_80","large",120,2,NA,2,6,"DFJ",NA,3600,NA,0,1082,54,66,3600.02
"gr120_0_80","large",120,2,NA,2,6,"BNP",0,3600,769,0,769,51,69,2405.233
"gr120_0_80","large",120,2,NA,2,6,"BNP",1,3600,769,0,581.172,63,57,2489.252
"gr120_0_80","large",120,2,NA,3,2,"BNP",0,3600,731,0,610.987,98,22,2414.788
"gr120_0_80","large",120,2,NA,3,2,"BNP",1,3600,731,0,597,100,20,2469.701
"gr120_0_80","large",120,2,NA,3,4,"BNP",0,3600,676,0,536,85,35,2417.986
"gr120_0_80","large",120,2,NA,3,4,"BNP",1,3600,676,0,528,84,36,2484.069
"gr120_0_80","large",120,2,NA,3,6,"BNP",0,3600,696,0,590.856,71,49,2454.458
"gr120_0_80","large",120,2,NA,3,6,"BNP",1,3600,696,0,527.208,74,46,2544.317
"pr152_0_80","large",152,2,NA,1,2,"DFJ",NA,3600,NA,0,97630,104,48,3603.55
"pr152_0_80","large",152,2,NA,1,2,"BNP",0,3600,97256,0,79686,128,24,2402.299
"pr152_0_80","large",152,2,NA,1,2,"BNP",1,3600,97256,0,79686,128,24,2404.31
"pr152_0_80","large",152,2,NA,1,4,"DFJ",NA,3600,NA,0,66228.8,93,59,3600.06
"pr152_0_80","large",152,2,NA,1,4,"BNP",0,3600,89306,0,63990,108,44,2401.526
"pr152_0_80","large",152,2,NA,1,4,"BNP",1,3600,89306,0,63990,108,47,2402.124
"pr152_0_80","large",152,2,NA,1,6,"DFJ",NA,3600,NA,0,65140,66,86,3600.11
"pr152_0_80","large",152,2,NA,1,6,"BNP",0,3600,76060,0,57794,90,62,2402.396
"pr152_0_80","large",152,2,NA,1,6,"BNP",1,3600,76060,0,57794,90,62,25.171
"pr152_0_80","large",152,2,NA,2,2,"DFJ",NA,3600,NA,0,122961,139,13,3600.23
"pr152_0_80","large",152,2,NA,2,2,"BNP",0,3600,62769,0,55477,134,20,2490.006
"pr152_0_80","large",152,2,NA,2,2,"BNP",1,3600,62769,0,48967,127,25,2515.198
"pr152_0_80","large",152,2,NA,2,4,"BNP",0,3600,60356,0,54980,124,29,2452.681
"pr152_0_80","large",152,2,NA,2,4,"BNP",1,3600,60356,0,52353,119,34,2530.622
"pr152_0_80","large",152,2,NA,2,6,"BNP",0,3600,55308,0,50855.4,94,58,2424.797
"pr152_0_80","large",152,2,NA,2,6,"BNP",1,3600,55308,0,50854.4,94,58,2471.27
"pr152_0_80","large",152,2,NA,3,2,"BNP",0,3600,51929,0,48135,152,4,2471.692
"pr152_0_80","large",152,2,NA,3,2,"BNP",1,3600,51929,0,48135,152,10,2535.057
"pr152_0_80","large",152,2,NA,3,4,"BNP",0,3600,43024,0,43024,113,39,2464.087
"pr152_0_80","large",152,2,NA,3,4,"BNP",1,3600,43024,0,43024,113,39,2479.629
"pr152_0_80","large",152,2,NA,3,6,"BNP",0,3600,48609,0,46403,117,44,2453.633
"pr152_0_80","large",152,2,NA,3,6,"BNP",1,3600,48609,0,41324,115,41,2521.79
"gr229_0_80","large",229,2,NA,1,2,"DFJ",NA,3600,NA,0,1851.52,175,54,3600.17
"gr229_0_80","large",229,2,NA,1,2,"BNP",0,3600,2020.88,0,2020.88,189,40,2428.233
"gr229_0_80","large",229,2,NA,1,2,"BNP",1,3600,2020.88,0,2020.88,189,40,2430.164
"gr229_0_80","large",229,2,NA,1,4,"DFJ",NA,3600,NA,0,1899.94,134,95,3600.47
"gr229_0_80","large",229,2,NA,1,4,"BNP",0,3600,1934.98,0,1934.98,168,61,2446.155
"gr229_0_80","large",229,2,NA,1,4,"BNP",1,3600,1934.98,0,1934.98,168,61,2439.207
"gr229_0_80","large",229,2,NA,1,6,"DFJ",NA,3600,NA,0,1664.62,112,117,3600.36
"gr229_0_80","large",229,2,NA,1,6,"BNP",0,3600,1883.8,0,1883.8,153,76,2447.847
"gr229_0_80","large",229,2,NA,1,6,"BNP",1,3600,1883.8,0,1883.8,153,76,2441.412
"gr229_0_80","large",229,2,NA,2,2,"BNP",0,3600,1403.7,0,1403.7,207,22,2782.659
"gr229_0_80","large",229,2,NA,2,2,"BNP",1,3600,1403.7,0,1403.7,207,22,3601.09
"gr229_0_80","large",229,2,NA,2,4,"BNP",0,3600,1346.16,0,1346.16,188,41,2530.38
"gr229_0_80","large",229,2,NA,2,4,"BNP",1,3600,1346.16,0,1346.16,188,41,3601.74
"gr229_0_80","large",229,2,NA,2,6,"BNP",0,3600,1327.6,0,1327.6,175,54,2650.083
"gr229_0_80","large",229,2,NA,2,6,"BNP",1,3600,1327.6,0,1327.6,175,54,3602.29
"gr229_0_80","large",229,2,NA,3,2,"BNP",0,3600,1145.42,0,1145.42,211,18,3300.311
"gr229_0_80","large",229,2,NA,3,2,"BNP",1,3600,1145.42,0,1145.42,211,18,3198.073
"gr229_0_80","large",229,2,NA,3,4,"BNP",0,3600,1132.34,0,1132.34,195,34,3309.782
"gr229_0_80","large",229,2,NA,3,4,"BNP",1,3600,1132.34,0,1132.34,195,34,3605.05
"gr229_0_80","large",229,2,NA,3,6,"BNP",0,3600,1129.96,0,1129.96,182,47,3610.48
"gr229_0_80","large",229,2,NA,3,6,"BNP",1,3600,1129.96,0,1129.96,182,47,3605.6
